DATE,ENERGY_WH,MONTH,YEAR
2013-07-28,2376,7,2013
2013-07-29,2571,7,2013
2013-07-30,2084,7,2013
2013-07-31,2091,7,2013
2013-08-01,3687,8,2013
2013-08-02,3083,8,2013
2013-08-03,3354,8,2013
2013-08-04,2879,8,2013
2013-08-05,1352,8,2013
2013-08-06,2570,8,2013
2013-08-07,0,8,2013
2013-08-08,2149,8,2013
2013-08-09,2818,8,2013
2013-08-10,0,8,2013
2013-08-11,123,8,2013
2013-08-12,3723,8,2013
2013-08-13,3936,8,2013
2013-08-14,3978,8,2013
2013-08-15,4252,8,2013
2013-08-16,3530,8,2013
2013-08-17,4643,8,2013
2013-08-18,4625,8,2013
2013-08-19,6392,8,2013
2013-08-20,6912,8,2013
2013-08-21,6343,8,2013
2013-08-22,2927,8,2013
2013-08-23,7996,8,2013
2013-08-24,7368,8,2013
2013-08-25,6999,8,2013
2013-08-26,753,8,2013
2013-08-27,103,8,2013
2013-08-28,3011,8,2013
2013-08-29,4251,8,2013
2013-08-30,3050,8,2013
2013-08-31,3144,8,2013
2013-09-01,2900,9,2013
2013-09-02,5645,9,2013
2013-09-03,9840,9,2013
2013-09-04,7532,9,2013
2013-09-05,9550,9,2013
2013-09-06,8497,9,2013
2013-09-07,6311,9,2013
2013-09-08,7900,9,2013
2013-09-09,6384,9,2013
2013-09-10,8337,9,2013
2013-09-11,6614,9,2013
2013-09-12,6916,9,2013
2013-09-13,9862,9,2013
2013-09-14,8518,9,2013
2013-09-15,2396,9,2013
2013-09-16,8907,9,2013
2013-09-17,7627,9,2013
2013-09-18,5281,9,2013
2013-09-19,5967,9,2013
2013-09-20,3911,9,2013
2013-09-21,3923,9,2013
2013-09-22,9618,9,2013
2013-09-23,8872,9,2013
2013-09-24,8058,9,2013
2013-09-25,6588,9,2013
2013-09-26,8802,9,2013
2013-09-27,8663,9,2013
2013-09-28,6970,9,2013
2013-09-29,8883,9,2013
2013-09-30,7702,9,2013
2013-10-01,8399,10,2013
2013-10-02,26,10,2013
2013-10-03,0,10,2013
2013-10-04,0,10,2013
2013-10-05,0,10,2013
2013-10-06,0,10,2013
2013-10-07,0,10,2013
2013-10-08,5161,10,2013
2013-10-09,7108,10,2013
2013-10-10,6832,10,2013
2013-10-11,6176,10,2013
2013-10-12,2639,10,2013
2013-10-13,6811,10,2013
2013-10-14,6019,10,2013
2013-10-15,325,10,2013
2013-10-16,1005,10,2013
2013-10-17,3441,10,2013
2013-10-18,1356,10,2013
2013-10-19,5686,10,2013
2013-10-20,1958,10,2013
2013-10-21,1789,10,2013
2013-10-22,4402,10,2013
2013-10-23,3946,10,2013
2013-10-24,3434,10,2013
2013-10-25,3710,10,2013
2013-10-26,4015,10,2013
2013-10-27,6160,10,2013
2013-10-28,4980,10,2013
2013-10-29,1047,10,2013
2013-10-30,1034,10,2013
2013-10-31,438,10,2013
2013-11-01,550,11,2013
2013-11-02,2065,11,2013
2013-11-03,5788,11,2013
2013-11-04,1603,11,2013
2013-11-05,2435,11,2013
2013-11-06,957,11,2013
2013-11-07,4378,11,2013
2013-11-08,3879,11,2013
2013-11-09,724,11,2013
2013-11-10,6324,11,2013
2013-11-11,1322,11,2013
2013-11-12,6432,11,2013
2013-11-13,5537,11,2013
2013-11-14,4669,11,2013
2013-11-15,5458,11,2013
2013-11-16,206,11,2013
2013-11-17,270,11,2013
2013-11-18,1068,11,2013
2013-11-19,5302,11,2013
2013-11-20,2129,11,2013
2013-11-21,447,11,2013
2013-11-22,5281,11,2013
2013-11-23,5292,11,2013
2013-11-24,4290,11,2013
2013-11-25,1282,11,2013
2013-11-26,2444,11,2013
2013-11-27,4396,11,2013
2013-11-28,259,11,2013
2013-11-29,3529,11,2013
2013-11-30,2869,11,2013
2013-12-01,3122,12,2013
2013-12-02,2197,12,2013
2013-12-03,141,12,2013
2013-12-04,142,12,2013
2013-12-05,5035,12,2013
2013-12-06,5167,12,2013
2013-12-07,5073,12,2013
2013-12-08,1136,12,2013
2013-12-09,3544,12,2013
2013-12-10,3149,12,2013
2013-12-11,5234,12,2013
2013-12-12,4947,12,2013
2013-12-13,1213,12,2013
2013-12-14,577,12,2013
2013-12-15,4928,12,2013
2013-12-16,2480,12,2013
2013-12-17,3280,12,2013
2013-12-18,3039,12,2013
2013-12-19,1129,12,2013
2013-12-20,256,12,2013
2013-12-21,185,12,2013
2013-12-22,286,12,2013
2013-12-23,246,12,2013
2013-12-24,629,12,2013
2013-12-25,98,12,2013
2013-12-26,212,12,2013
2013-12-27,626,12,2013
2013-12-28,3895,12,2013
2013-12-29,2281,12,2013
2013-12-30,2900,12,2013
2013-12-31,3339,12,2013
2014-01-01,2854,1,2014
2014-01-02,4985,1,2014
2014-01-03,2076,1,2014
2014-01-04,543,1,2014
2014-01-05,1262,1,2014
2014-01-06,4728,1,2014
2014-01-07,5161,1,2014
2014-01-08,5572,1,2014
2014-01-09,4953,1,2014
2014-01-10,584,1,2014
2014-01-11,395,1,2014
2014-01-12,2516,1,2014
2014-01-13,1735,1,2014
2014-01-14,84,1,2014
2014-01-15,730,1,2014
2014-01-16,221,1,2014
2014-01-17,945,1,2014
2014-01-18,1585,1,2014
2014-01-19,1349,1,2014
2014-01-20,1980,1,2014
2014-01-21,6181,1,2014
2014-01-22,385,1,2014
2014-01-23,5282,1,2014
2014-01-24,1115,1,2014
2014-01-25,5695,1,2014
2014-01-26,1043,1,2014
2014-01-27,6914,1,2014
2014-01-28,7033,1,2014
2014-01-29,6905,1,2014
2014-01-30,437,1,2014
2014-01-31,2485,1,2014
2014-02-01,874,2,2014
2014-02-02,6179,2,2014
2014-02-03,7277,2,2014
2014-02-04,3155,2,2014
2014-02-05,3260,2,2014
2014-02-06,8120,2,2014
2014-02-07,8256,2,2014
2014-02-08,4776,2,2014
2014-02-09,5702,2,2014
2014-02-10,8510,2,2014
2014-02-11,8445,2,2014
2014-02-12,2262,2,2014
2014-02-13,735,2,2014
2014-02-14,7789,2,2014
2014-02-15,7644,2,2014
2014-02-16,7927,2,2014
2014-02-17,826,2,2014
2014-02-18,3880,2,2014
2014-02-19,8996,2,2014
2014-02-20,830,2,2014
2014-02-21,3607,2,2014
2014-02-22,9437,2,2014
2014-02-23,9659,2,2014
2014-02-24,9581,2,2014
2014-02-25,9651,2,2014
2014-02-26,7483,2,2014
2014-02-27,10154,2,2014
2014-02-28,3497,2,2014
2014-03-01,2214,3,2014
2014-03-02,10357,3,2014
2014-03-03,9454,3,2014
2014-03-04,1577,3,2014
2014-03-05,8713,3,2014
2014-03-06,9374,3,2014
2014-03-07,3911,3,2014
2014-03-08,9273,3,2014
2014-03-09,4606,3,2014
2014-03-10,9502,3,2014
2014-03-11,2503,3,2014
2014-03-12,9817,3,2014
2014-03-13,5738,3,2014
2014-03-14,5049,3,2014
2014-03-15,6493,3,2014
2014-03-16,10635,3,2014
2014-03-17,3882,3,2014
2014-03-18,5965,3,2014
2014-03-19,1803,3,2014
2014-03-20,6945,3,2014
2014-03-21,5735,3,2014
2014-03-22,7930,3,2014
2014-03-23,9631,3,2014
2014-03-24,9160,3,2014
2014-03-25,8827,3,2014
2014-03-26,7896,3,2014
2014-03-27,704,3,2014
2014-03-28,7539,3,2014
2014-03-29,9964,3,2014
2014-03-30,9762,3,2014
2014-03-31,4182,3,2014
2014-04-01,3047,4,2014
2014-04-02,10174,4,2014
2014-04-03,1449,4,2014
2014-04-04,988,4,2014
2014-04-05,10448,4,2014
2014-04-06,8858,4,2014
2014-04-07,6131,4,2014
2014-04-08,5796,4,2014
2014-04-09,9142,4,2014
2014-04-10,6720,4,2014
2014-04-11,5014,4,2014
2014-04-12,247,4,2014
2014-04-13,1892,4,2014
2014-04-14,1906,4,2014
2014-04-15,6486,4,2014
2014-04-16,5206,4,2014
2014-04-17,4008,4,2014
2014-04-18,9836,4,2014
2014-04-19,9132,4,2014
2014-04-20,1615,4,2014
2014-04-21,4372,4,2014
2014-04-22,10392,4,2014
2014-04-23,7549,4,2014
2014-04-24,1063,4,2014
2014-04-25,7813,4,2014
2014-04-26,4923,4,2014
2014-04-27,3059,4,2014
2014-04-28,1555,4,2014
2014-04-29,1400,4,2014
2014-04-30,3289,4,2014
2014-05-01,3385,5,2014
2014-05-02,2883,5,2014
2014-05-03,8646,5,2014
2014-05-04,10992,5,2014
2014-05-05,7313,5,2014
2014-05-06,9695,5,2014
2014-05-07,1901,5,2014
2014-05-08,5206,5,2014
2014-05-09,6709,5,2014
2014-05-10,10759,5,2014
2014-05-11,6638,5,2014
2014-05-12,3350,5,2014
2014-05-13,3437,5,2014
2014-05-14,6827,5,2014
2014-05-15,6038,5,2014
2014-05-16,7269,5,2014
2014-05-17,7766,5,2014
2014-05-18,9106,5,2014
2014-05-19,5307,5,2014
2014-05-20,7813,5,2014
2014-05-21,10205,5,2014
2014-05-22,7154,5,2014
2014-05-23,10410,5,2014
2014-05-24,10041,5,2014
2014-05-25,9960,5,2014
2014-05-26,6134,5,2014
2014-05-27,1991,5,2014
2014-05-28,3447,5,2014
2014-05-29,10222,5,2014
2014-05-30,9801,5,2014
2014-05-31,9437,5,2014
2014-06-01,4251,6,2014
2014-06-02,4639,6,2014
2014-06-03,9355,6,2014
2014-06-04,8156,6,2014
2014-06-05,8900,6,2014
2014-06-06,7669,6,2014
2014-06-07,7443,6,2014
2014-06-08,10285,6,2014
2014-06-09,7148,6,2014
2014-06-10,5465,6,2014
2014-06-11,3774,6,2014
2014-06-12,6945,6,2014
2014-06-13,10712,6,2014
2014-06-14,8527,6,2014
2014-06-15,6150,6,2014
2014-06-16,9321,6,2014
2014-06-17,8342,6,2014
2014-06-18,3862,6,2014
2014-06-19,7473,6,2014
2014-06-20,3097,6,2014
2014-06-21,2809,6,2014
2014-06-22,4304,6,2014
2014-06-23,7055,6,2014
2014-06-24,7456,6,2014
2014-06-25,5151,6,2014
2014-06-26,6729,6,2014
2014-06-27,4891,6,2014
2014-06-28,7081,6,2014
2014-06-29,8215,6,2014
2014-06-30,4178,6,2014
2014-07-01,6731,7,2014
2014-07-02,3513,7,2014
2014-07-03,8187,7,2014
2014-07-04,9950,7,2014
2014-07-05,9027,7,2014
2014-07-06,2932,7,2014
2014-07-07,4708,7,2014
2014-07-08,7089,7,2014
2014-07-09,7895,7,2014
2014-07-10,9828,7,2014
2014-07-11,8081,7,2014
2014-07-12,3658,7,2014
2014-07-13,9365,7,2014
2014-07-14,7628,7,2014
2014-07-15,5148,7,2014
2014-07-16,8072,7,2014
2014-07-17,9025,7,2014
2014-07-18,8488,7,2014
2014-07-19,4423,7,2014
2014-07-20,7706,7,2014
2014-07-21,7959,7,2014
2014-07-22,7107,7,2014
2014-07-23,9134,7,2014
2014-07-24,9401,7,2014
2014-07-25,3945,7,2014
2014-07-26,5478,7,2014
2014-07-27,6563,7,2014
2014-07-28,6876,7,2014
2014-07-29,8143,7,2014
2014-07-30,9150,7,2014
2014-07-31,7298,7,2014
2014-08-01,5974,8,2014
2014-08-02,9210,8,2014
2014-08-03,3573,8,2014
2014-08-04,4220,8,2014
2014-08-05,7216,8,2014
2014-08-06,8608,8,2014
2014-08-07,9355,8,2014
2014-08-08,8501,8,2014
2014-08-09,6527,8,2014
2014-08-10,8235,8,2014
2014-08-11,5401,8,2014
2014-08-12,3533,8,2014
2014-08-13,8458,8,2014
2014-08-14,9861,8,2014
2014-08-15,9502,8,2014
2014-08-16,5679,8,2014
2014-08-17,5659,8,2014
2014-08-18,3063,8,2014
2014-08-19,5070,8,2014
2014-08-20,6713,8,2014
2014-08-21,2555,8,2014
2014-08-22,6045,8,2014
2014-08-23,2364,8,2014
2014-08-24,5939,8,2014
2014-08-25,4892,8,2014
2014-08-26,8170,8,2014
2014-08-27,7721,8,2014
2014-08-28,3982,8,2014
2014-08-29,6732,8,2014
2014-08-30,4793,8,2014
2014-08-31,5933,8,2014
2014-09-01,2418,9,2014
2014-09-02,7225,9,2014
2014-09-03,8824,9,2014
2014-09-04,2588,9,2014
2014-09-05,4844,9,2014
2014-09-06,9277,9,2014
2014-09-07,8298,9,2014
2014-09-08,6436,9,2014
2014-09-09,8113,9,2014
2014-09-10,987,9,2014
2014-09-11,1907,9,2014
2014-09-12,1411,9,2014
2014-09-13,7580,9,2014
2014-09-14,7729,9,2014
2014-09-15,2850,9,2014
2014-09-16,9675,9,2014
2014-09-17,8184,9,2014
2014-09-18,5549,9,2014
2014-09-19,7424,9,2014
2014-09-20,3774,9,2014
2014-09-21,3968,9,2014
2014-09-22,8478,9,2014
2014-09-23,9034,9,2014
2014-09-24,4797,9,2014
2014-09-25,8561,9,2014
2014-09-26,5621,9,2014
2014-09-27,4819,9,2014
2014-09-28,7117,9,2014
2014-09-29,2112,9,2014
2014-09-30,1524,9,2014
2014-10-01,4785,10,2014
2014-10-02,1509,10,2014
2014-10-03,2062,10,2014
2014-10-04,1491,10,2014
2014-10-05,5235,10,2014
2014-10-06,7432,10,2014
2014-10-07,7415,10,2014
2014-10-08,7285,10,2014
2014-10-09,8006,10,2014
2014-10-10,7735,10,2014
2014-10-11,7579,10,2014
2014-10-12,6678,10,2014
2014-10-13,1589,10,2014
2014-10-14,590,10,2014
2014-10-15,860,10,2014
2014-10-16,2099,10,2014
2014-10-17,662,10,2014
2014-10-18,5612,10,2014
2014-10-19,3243,10,2014
2014-10-20,1194,10,2014
2014-10-21,5036,10,2014
2014-10-22,6418,10,2014
2014-10-23,1176,10,2014
2014-10-24,1499,10,2014
2014-10-25,7060,10,2014
2014-10-26,4622,10,2014
2014-10-27,3616,10,2014
2014-10-28,2770,10,2014
2014-10-29,2497,10,2014
2014-10-30,2837,10,2014
2014-10-31,3857,10,2014
2014-11-01,6823,11,2014
2014-11-02,4996,11,2014
2014-11-03,1840,11,2014
2014-11-04,1630,11,2014
2014-11-05,1502,11,2014
2014-11-06,954,11,2014
2014-11-07,2946,11,2014
2014-11-08,2042,11,2014
2014-11-09,544,11,2014
2014-11-10,324,11,2014
2014-11-11,427,11,2014
2014-11-12,2448,11,2014
2014-11-13,3086,11,2014
2014-11-14,1366,11,2014
2014-11-15,3100,11,2014
2014-11-16,1592,11,2014
2014-11-17,3023,11,2014
2014-11-18,5406,11,2014
2014-11-19,745,11,2014
2014-11-20,5616,11,2014
2014-11-21,4688,11,2014
2014-11-22,342,11,2014
2014-11-23,164,11,2014
2014-11-24,268,11,2014
2014-11-25,593,11,2014
2014-11-26,719,11,2014
2014-11-27,3324,11,2014
2014-11-28,508,11,2014
2014-11-29,4154,11,2014
2014-11-30,1003,11,2014
2014-12-01,5432,12,2014
2014-12-02,1962,12,2014
2014-12-03,5208,12,2014
2014-12-04,1328,12,2014
2014-12-05,1071,12,2014
2014-12-06,4997,12,2014
2014-12-07,2074,12,2014
2014-12-08,190,12,2014
2014-12-09,5059,12,2014
2014-12-10,875,12,2014
2014-12-11,4016,12,2014
2014-12-12,639,12,2014
2014-12-13,446,12,2014
2014-12-14,247,12,2014
2014-12-15,328,12,2014
2014-12-16,482,12,2014
2014-12-17,3444,12,2014
2014-12-18,509,12,2014
2014-12-19,4406,12,2014
2014-12-20,638,12,2014
2014-12-21,324,12,2014
2014-12-22,489,12,2014
2014-12-23,294,12,2014
2014-12-24,247,12,2014
2014-12-25,1027,12,2014
2014-12-26,2322,12,2014
2014-12-27,225,12,2014
2014-12-28,3808,12,2014
2014-12-29,4293,12,2014
2014-12-30,4867,12,2014
2014-12-31,2523,12,2014
2015-01-01,1327,1,2015
2015-01-02,4232,1,2015
2015-01-03,423,1,2015
2015-01-04,1099,1,2015
2015-01-05,4082,1,2015
2015-01-06,3795,1,2015
2015-01-07,5012,1,2015
2015-01-08,841,1,2015
2015-01-09,5252,1,2015
2015-01-10,3339,1,2015
2015-01-11,2028,1,2015
2015-01-12,5502,1,2015
2015-01-13,4730,1,2015
2015-01-14,956,1,2015
2015-01-15,4839,1,2015
2015-01-16,900,1,2015
2015-01-17,1189,1,2015
2015-01-18,1730,1,2015
2015-01-19,952,1,2015
2015-01-20,764,1,2015
2015-01-21,1245,1,2015
2015-01-22,4834,1,2015
2015-01-23,1668,1,2015
2015-01-24,1122,1,2015
2015-01-25,3802,1,2015
2015-01-26,1168,1,2015
2015-01-27,1026,1,2015
2015-01-28,2679,1,2015
2015-01-29,899,1,2015
2015-01-30,4524,1,2015
2015-01-31,769,1,2015
2015-02-01,1022,2,2015
2015-02-02,6398,2,2015
2015-02-03,4039,2,2015
2015-02-04,5500,2,2015
2015-02-05,6837,2,2015
2015-02-06,2972,2,2015
2015-02-07,3446,2,2015
2015-02-08,668,2,2015
2015-02-09,6567,2,2015
2015-02-10,1671,2,2015
2015-02-11,517,2,2015
2015-02-12,5097,2,2015
2015-02-13,1058,2,2015
2015-02-14,7862,2,2015
2015-02-15,6923,2,2015
2015-02-16,2423,2,2015
2015-02-17,5691,2,2015
2015-02-18,7516,2,2015
2015-02-19,9123,2,2015
2015-02-20,2773,2,2015
2015-02-21,6553,2,2015
2015-02-22,9061,2,2015
2015-02-23,9245,2,2015
2015-02-24,5533,2,2015
2015-02-25,4316,2,2015
2015-02-26,8770,2,2015
2015-02-27,9590,2,2015
2015-02-28,8328,2,2015
2015-03-01,2651,3,2015
2015-03-02,3341,3,2015
2015-03-03,2317,3,2015
2015-03-04,4490,3,2015
2015-03-05,10559,3,2015
2015-03-06,8479,3,2015
2015-03-07,6187,3,2015
2015-03-08,9156,3,2015
2015-03-09,7594,3,2015
2015-03-10,7790,3,2015
2015-03-11,9664,3,2015
2015-03-12,6950,3,2015
2015-03-13,8346,3,2015
2015-03-14,8430,3,2015
2015-03-15,4226,3,2015
2015-03-16,2043,3,2015
2015-03-17,10328,3,2015
2015-03-18,6634,3,2015
2015-03-19,2933,3,2015
2015-03-20,6489,3,2015
2015-03-21,9892,3,2015
2015-03-22,8581,3,2015
2015-03-23,7497,3,2015
2015-03-24,9370,3,2015
2015-03-25,1582,3,2015
2015-03-26,1217,3,2015
2015-03-27,9638,3,2015
2015-03-28,9649,3,2015
2015-03-29,1090,3,2015
2015-03-30,7089,3,2015
2015-03-31,8314,3,2015
2015-04-01,7017,4,2015
2015-04-02,6223,4,2015
2015-04-03,2685,4,2015
2015-04-04,9346,4,2015
2015-04-05,2695,4,2015
2015-04-06,3594,4,2015
2015-04-07,2083,4,2015
2015-04-08,1056,4,2015
2015-04-09,1025,4,2015
2015-04-10,4655,4,2015
2015-04-11,9279,4,2015
2015-04-12,5516,4,2015
2015-04-13,7828,4,2015
2015-04-14,8323,4,2015
2015-04-15,7708,4,2015
2015-04-16,8852,4,2015
2015-04-17,8123,4,2015
2015-04-18,8600,4,2015
2015-04-19,6425,4,2015
2015-04-20,1748,4,2015
2015-04-21,4455,4,2015
2015-04-22,3267,4,2015
2015-04-23,9359,4,2015
2015-04-24,7539,4,2015
2015-04-25,8129,4,2015
2015-04-26,8922,4,2015
2015-04-27,8712,4,2015
2015-04-28,8641,4,2015
2015-04-29,6779,4,2015
2015-04-30,7014,4,2015
2015-05-01,8402,5,2015
2015-05-02,9332,5,2015
2015-05-03,7860,5,2015
2015-05-04,9260,5,2015
2015-05-05,6411,5,2015
2015-05-06,6519,5,2015
2015-05-07,8595,5,2015
2015-05-08,5897,5,2015
2015-05-09,6886,5,2015
2015-05-10,3844,5,2015
2015-05-11,3472,5,2015
2015-05-12,3987,5,2015
2015-05-13,10367,5,2015
2015-05-14,6172,5,2015
2015-05-15,3649,5,2015
2015-05-16,7199,5,2015
2015-05-17,4626,5,2015
2015-05-18,10134,5,2015
2015-05-19,8720,5,2015
2015-05-20,5826,5,2015
2015-05-21,9158,5,2015
2015-05-22,10451,5,2015
2015-05-23,9190,5,2015
2015-05-24,2582,5,2015
2015-05-25,4724,5,2015
2015-05-26,4667,5,2015
2015-05-27,6301,5,2015
2015-05-28,9254,5,2015
2015-05-29,5716,5,2015
2015-05-30,3184,5,2015
2015-05-31,10503,5,2015
2015-06-01,10653,6,2015
2015-06-02,10194,6,2015
2015-06-03,8847,6,2015
2015-06-04,3711,6,2015
2015-06-05,4386,6,2015
2015-06-06,10113,6,2015
2015-06-07,5010,6,2015
2015-06-08,7170,6,2015
2015-06-09,7840,6,2015
2015-06-10,9709,6,2015
2015-06-11,1923,6,2015
2015-06-12,7330,6,2015
2015-06-13,1697,6,2015
2015-06-14,6260,6,2015
2015-06-15,3406,6,2015
2015-06-16,8256,6,2015
2015-06-17,9177,6,2015
2015-06-18,6590,6,2015
2015-06-19,5220,6,2015
2015-06-20,1931,6,2015
2015-06-21,5092,6,2015
2015-06-22,4352,6,2015
2015-06-23,10414,6,2015
2015-06-24,9301,6,2015
2015-06-25,8742,6,2015
2015-06-26,5657,6,2015
2015-06-27,9955,6,2015
2015-06-28,7049,6,2015
2015-06-29,7590,6,2015
2015-06-30,4530,6,2015
2015-07-01,8734,7,2015
2015-07-02,9742,7,2015
2015-07-03,7932,7,2015
2015-07-04,8143,7,2015
2015-07-05,8352,7,2015
2015-07-06,3585,7,2015
2015-07-07,7757,7,2015
2015-07-08,9525,7,2015
2015-07-09,8614,7,2015
2015-07-10,8878,7,2015
2015-07-11,7267,7,2015
2015-07-12,8587,7,2015
2015-07-13,8608,7,2015
2015-07-14,6547,7,2015
2015-07-15,9670,7,2015
2015-07-16,6449,7,2015
2015-07-17,7703,7,2015
2015-07-18,7291,7,2015
2015-07-19,10062,7,2015
2015-07-20,6504,7,2015
2015-07-21,9479,7,2015
2015-07-22,8271,7,2015
2015-07-23,9097,7,2015
2015-07-24,7335,7,2015
2015-07-25,9194,7,2015
2015-07-26,7487,7,2015
2015-07-27,8526,7,2015
2015-07-28,6978,7,2015
2015-07-29,9795,7,2015
2015-07-30,9491,7,2015
2015-07-31,8656,7,2015
2015-08-01,9797,8,2015
2015-08-02,7086,8,2015
2015-08-03,8341,8,2015
2015-08-04,7326,8,2015
2015-08-05,6166,8,2015
2015-08-06,7924,8,2015
2015-08-07,757,8,2015
2015-08-08,3262,8,2015
2015-08-09,7569,8,2015
2015-08-10,7349,8,2015
2015-08-11,8773,8,2015
2015-08-12,9185,8,2015
2015-08-13,7288,8,2015
2015-08-14,6664,8,2015
2015-08-15,8955,8,2015
2015-08-16,8628,8,2015
2015-08-17,4654,8,2015
2015-08-18,5174,8,2015
2015-08-19,4503,8,2015
2015-08-20,3620,8,2015
2015-08-21,8674,8,2015
2015-08-22,8295,8,2015
2015-08-23,2298,8,2015
2015-08-24,1788,8,2015
2015-08-25,1318,8,2015
2015-08-26,5093,8,2015
2015-08-27,7769,8,2015
2015-08-28,2605,8,2015
2015-08-29,2967,8,2015
2015-08-30,5862,8,2015
2015-08-31,5575,8,2015
2015-09-01,6737,9,2015
2015-09-02,6726,9,2015
2015-09-03,2197,9,2015
2015-09-04,3280,9,2015
2015-09-05,7594,9,2015
2015-09-06,6562,9,2015
2015-09-07,2231,9,2015
2015-09-08,2140,9,2015
2015-09-09,9151,9,2015
2015-09-10,5996,9,2015
2015-09-11,5108,9,2015
2015-09-12,6620,9,2015
2015-09-13,9013,9,2015
2015-09-14,8927,9,2015
2015-09-15,8134,9,2015
2015-09-16,8198,9,2015
2015-09-17,4323,9,2015
2015-09-18,3498,9,2015
2015-09-19,9071,9,2015
2015-09-20,7399,9,2015
2015-09-21,8945,9,2015
2015-09-22,6717,9,2015
2015-09-23,4866,9,2015
2015-09-24,5807,9,2015
2015-09-25,7486,9,2015
2015-09-26,6881,9,2015
2015-09-27,5448,9,2015
2015-09-28,6578,9,2015
2015-09-29,6320,9,2015
2015-09-30,7661,9,2015
2015-10-01,8016,10,2015
2015-10-02,8551,10,2015
2015-10-03,2368,10,2015
2015-10-04,1292,10,2015
2015-10-05,1480,10,2015
2015-10-06,4409,10,2015
2015-10-07,7600,10,2015
2015-10-08,810,10,2015
2015-10-09,6686,10,2015
2015-10-10,7036,10,2015
2015-10-11,5775,10,2015
2015-10-12,4747,10,2015
2015-10-13,4559,10,2015
2015-10-14,7433,10,2015
2015-10-15,5839,10,2015
2015-10-16,5733,10,2015
2015-10-17,6255,10,2015
2015-10-18,7256,10,2015
2015-10-19,4413,10,2015
2015-10-20,4856,10,2015
2015-10-21,1500,10,2015
2015-10-22,4356,10,2015
2015-10-23,813,10,2015
2015-10-24,636,10,2015
2015-10-25,7160,10,2015
2015-10-26,1965,10,2015
2015-10-27,5160,10,2015
2015-10-28,665,10,2015
2015-10-29,1315,10,2015
2015-10-30,1526,10,2015
2015-10-31,263,10,2015
2015-11-01,3043,11,2015
2015-11-02,2482,11,2015
2015-11-03,2670,11,2015
2015-11-04,1835,11,2015
2015-11-05,2741,11,2015
2015-11-06,1894,11,2015
2015-11-07,6200,11,2015
2015-11-08,6380,11,2015
2015-11-09,6204,11,2015
2015-11-10,5435,11,2015
2015-11-11,2711,11,2015
2015-11-12,493,11,2015
2015-11-13,2293,11,2015
2015-11-14,4314,11,2015
2015-11-15,5412,11,2015
2015-11-16,1959,11,2015
2015-11-17,490,11,2015
2015-11-18,546,11,2015
2015-11-19,2631,11,2015
2015-11-20,3406,11,2015
2015-11-21,1302,11,2015
2015-11-22,3188,11,2015
2015-11-23,3192,11,2015
2015-11-24,3288,11,2015
2015-11-25,1516,11,2015
2015-11-26,138,11,2015
2015-11-27,608,11,2015
2015-11-28,5231,11,2015
2015-11-29,4342,11,2015
2015-11-30,792,11,2015
2015-12-01,762,12,2015
2015-12-02,2396,12,2015
2015-12-03,1417,12,2015
2015-12-04,4630,12,2015
2015-12-05,4656,12,2015
2015-12-06,643,12,2015
2015-12-07,218,12,2015
2015-12-08,1067,12,2015
2015-12-09,4068,12,2015
2015-12-10,1343,12,2015
2015-12-11,382,12,2015
2015-12-12,486,12,2015
2015-12-13,189,12,2015
2015-12-14,433,12,2015
2015-12-15,640,12,2015
2015-12-16,951,12,2015
2015-12-17,748,12,2015
2015-12-18,1176,12,2015
2015-12-19,4624,12,2015
2015-12-20,2261,12,2015
2015-12-21,140,12,2015
2015-12-22,397,12,2015
2015-12-23,211,12,2015
2015-12-24,2687,12,2015
2015-12-25,740,12,2015
2015-12-26,303,12,2015
2015-12-27,1657,12,2015
2015-12-28,224,12,2015
2015-12-29,651,12,2015
2015-12-30,1475,12,2015
2015-12-31,1230,12,2015
2016-01-01,1446,1,2016
2016-01-02,4915,1,2016
2016-01-03,630,1,2016
2016-01-04,4159,1,2016
2016-01-05,4650,1,2016
2016-01-06,2860,1,2016
2016-01-07,589,1,2016
2016-01-08,362,1,2016
2016-01-09,572,1,2016
2016-01-10,5183,1,2016
2016-01-11,3709,1,2016
2016-01-12,5083,1,2016
2016-01-13,1029,1,2016
2016-01-14,1240,1,2016
2016-01-15,420,1,2016
2016-01-16,5720,1,2016
2016-01-17,4642,1,2016
2016-01-18,5726,1,2016
2016-01-19,5262,1,2016
2016-01-20,4953,1,2016
2016-01-21,653,1,2016
2016-01-22,980,1,2016
2016-01-23,1606,1,2016
2016-01-24,504,1,2016
2016-01-25,1258,1,2016
2016-01-26,1214,1,2016
2016-01-27,2843,1,2016
2016-01-28,2098,1,2016
2016-01-29,3994,1,2016
2016-01-30,3406,1,2016
2016-01-31,834,1,2016
2016-02-01,6330,2,2016
2016-02-02,307,2,2016
2016-02-03,548,2,2016
2016-02-04,4035,2,2016
2016-02-05,4568,2,2016
2016-02-06,1113,2,2016
2016-02-07,4146,2,2016
2016-02-08,1140,2,2016
2016-02-09,4422,2,2016
2016-02-10,7832,2,2016
2016-02-11,8417,2,2016
2016-02-12,7387,2,2016
2016-02-13,8716,2,2016
2016-02-14,5799,2,2016
2016-02-15,2465,2,2016
2016-02-16,1248,2,2016
2016-02-17,8784,2,2016
2016-02-18,3057,2,2016
2016-02-19,3882,2,2016
2016-02-20,6423,2,2016
2016-02-21,1116,2,2016
2016-02-22,324,2,2016
2016-02-23,518,2,2016
2016-02-24,1107,2,2016
2016-02-25,1248,2,2016
2016-02-26,2168,2,2016
2016-02-27,5556,2,2016
2016-02-28,3023,2,2016
2016-02-29,5216,2,2016
2016-03-01,1269,3,2016
2016-03-02,6800,3,2016
2016-03-03,4640,3,2016
2016-03-04,3438,3,2016
2016-03-05,1689,3,2016
2016-03-06,6411,3,2016
2016-03-07,5865,3,2016
2016-03-08,4602,3,2016
2016-03-09,3305,3,2016
2016-03-10,2806,3,2016
2016-03-11,4857,3,2016
2016-03-12,7890,3,2016
2016-03-13,1323,3,2016
2016-03-14,3456,3,2016
2016-03-15,2869,3,2016
2016-03-16,1949,3,2016
2016-03-17,3486,3,2016
2016-03-18,2555,3,2016
2016-03-19,3520,3,2016
2016-03-20,10003,3,2016
2016-03-21,7949,3,2016
2016-03-22,4220,3,2016
2016-03-23,1007,3,2016
2016-03-24,1075,3,2016
2016-03-25,10318,3,2016
2016-03-26,8272,3,2016
2016-03-27,1133,3,2016
2016-03-28,9979,3,2016
2016-03-29,8876,3,2016
2016-03-30,1683,3,2016
2016-03-31,1187,3,2016
2016-04-01,6412,4,2016
2016-04-02,4118,4,2016
2016-04-03,3477,4,2016
2016-04-04,5703,4,2016
2016-04-05,8630,4,2016
2016-04-06,1532,4,2016
2016-04-07,3192,4,2016
2016-04-08,2616,4,2016
2016-04-09,8762,4,2016
2016-04-10,3221,4,2016
2016-04-11,4901,4,2016
2016-04-12,10350,4,2016
2016-04-13,2342,4,2016
2016-04-14,9569,4,2016
2016-04-15,9710,4,2016
2016-04-16,9482,4,2016
2016-04-17,9437,4,2016
2016-04-18,8421,4,2016
2016-04-19,2055,4,2016
2016-04-20,7335,4,2016
2016-04-21,5513,4,2016
2016-04-22,7278,4,2016
2016-04-23,9478,4,2016
2016-04-24,1664,4,2016
2016-04-25,7090,4,2016
2016-04-26,3747,4,2016
2016-04-27,7952,4,2016
2016-04-28,1997,4,2016
2016-04-29,8190,4,2016
2016-04-30,4141,4,2016
2016-05-01,6772,5,2016
2016-05-02,10159,5,2016
2016-05-03,7753,5,2016
2016-05-04,4475,5,2016
2016-05-05,10634,5,2016
2016-05-06,9723,5,2016
2016-05-07,9613,5,2016
2016-05-08,9237,5,2016
2016-05-09,8682,5,2016
2016-05-10,1194,5,2016
2016-05-11,3044,5,2016
2016-05-12,5658,5,2016
2016-05-13,3358,5,2016
2016-05-14,4918,5,2016
2016-05-15,7912,5,2016
2016-05-16,8221,5,2016
2016-05-17,10965,5,2016
2016-05-18,10467,5,2016
2016-05-19,10160,5,2016
2016-05-20,9542,5,2016
2016-05-21,9634,5,2016
2016-05-22,9481,5,2016
2016-05-23,8701,5,2016
2016-05-24,7131,5,2016
2016-05-25,5963,5,2016
2016-05-26,8115,5,2016
2016-05-27,3426,5,2016
2016-05-28,4979,5,2016
2016-05-29,6225,5,2016
2016-05-30,9970,5,2016
2016-05-31,6748,5,2016
2016-06-01,7122,6,2016
2016-06-02,7167,6,2016
2016-06-03,9247,6,2016
2016-06-04,4103,6,2016
2016-06-05,8009,6,2016
2016-06-06,5761,6,2016
2016-06-07,5721,6,2016
2016-06-08,10475,6,2016
2016-06-09,8335,6,2016
2016-06-10,8716,6,2016
2016-06-11,9599,6,2016
2016-06-12,9019,6,2016
2016-06-13,4029,6,2016
2016-06-14,7791,6,2016
2016-06-15,5352,6,2016
2016-06-16,3642,6,2016
2016-06-17,9766,6,2016
2016-06-18,9292,6,2016
2016-06-19,9314,6,2016
2016-06-20,10133,6,2016
2016-06-21,9067,6,2016
2016-06-22,3971,6,2016
2016-06-23,2871,6,2016
2016-06-24,5006,6,2016
2016-06-25,8613,6,2016
2016-06-26,8866,6,2016
2016-06-27,7147,6,2016
2016-06-28,10125,6,2016
2016-06-29,8557,6,2016
2016-06-30,3923,6,2016
2016-07-01,10166,7,2016
2016-07-02,8861,7,2016
2016-07-03,9675,7,2016
2016-07-04,7731,7,2016
2016-07-05,9354,7,2016
2016-07-06,6944,7,2016
2016-07-07,3628,7,2016
2016-07-08,6957,7,2016
2016-07-09,9581,7,2016
2016-07-10,5659,7,2016
2016-07-11,8115,7,2016
2016-07-12,6757,7,2016
2016-07-13,8553,7,2016
2016-07-14,6144,7,2016
2016-07-15,4654,7,2016
2016-07-16,6510,7,2016
2016-07-17,5420,7,2016
2016-07-18,9395,7,2016
2016-07-19,9400,7,2016
2016-07-20,6809,7,2016
2016-07-21,4193,7,2016
2016-07-22,9164,7,2016
2016-07-23,5218,7,2016
2016-07-24,4262,7,2016
2016-07-25,9162,7,2016
2016-07-26,9521,7,2016
2016-07-27,4590,7,2016
2016-07-28,3603,7,2016
2016-07-29,3975,7,2016
2016-07-30,9640,7,2016
2016-07-31,7518,7,2016
2016-08-01,9547,8,2016
2016-08-02,8748,8,2016
2016-08-03,8262,8,2016
2016-08-04,5460,8,2016
2016-08-05,8482,8,2016
2016-08-06,8741,8,2016
2016-08-07,6061,8,2016
2016-08-08,9441,8,2016
2016-08-09,7972,8,2016
2016-08-10,7414,8,2016
2016-08-11,4124,8,2016
2016-08-12,2892,8,2016
2016-08-13,6277,8,2016
2016-08-14,8586,8,2016
2016-08-15,7747,8,2016
2016-08-16,7860,8,2016
2016-08-17,8020,8,2016
2016-08-18,8606,8,2016
2016-08-19,3516,8,2016
2016-08-20,2843,8,2016
2016-08-21,6361,8,2016
2016-08-22,9331,8,2016
2016-08-23,8006,8,2016
2016-08-24,4161,8,2016
2016-08-25,7489,8,2016
2016-08-26,6736,8,2016
2016-08-27,1697,8,2016
2016-08-28,8295,8,2016
2016-08-29,7590,8,2016
2016-08-30,7571,8,2016
2016-08-31,7930,8,2016
2016-09-01,5949,9,2016
2016-09-02,9016,9,2016
2016-09-03,8976,9,2016
2016-09-04,9094,9,2016
2016-09-05,6539,9,2016
2016-09-06,5776,9,2016
2016-09-07,2323,9,2016
2016-09-08,6385,9,2016
2016-09-09,2660,9,2016
2016-09-10,3047,9,2016
2016-09-11,9117,9,2016
2016-09-12,9085,9,2016
2016-09-13,1885,9,2016
2016-09-14,6368,9,2016
2016-09-15,8619,9,2016
2016-09-16,4063,9,2016
2016-09-17,8215,9,2016
2016-09-18,8918,9,2016
2016-09-19,3293,9,2016
2016-09-20,8694,9,2016
2016-09-21,2224,9,2016
2016-09-22,3440,9,2016
2016-09-23,3176,9,2016
2016-09-24,5850,9,2016
2016-09-25,4228,9,2016
2016-09-26,6566,9,2016
2016-09-27,1596,9,2016
2016-09-28,4602,9,2016
2016-09-29,8240,9,2016
2016-09-30,515,9,2016
2016-10-01,1564,10,2016
2016-10-02,6622,10,2016
2016-10-03,3761,10,2016
2016-10-04,2487,10,2016
2016-10-05,3387,10,2016
2016-10-06,2707,10,2016
2016-10-07,4655,10,2016
2016-10-08,7748,10,2016
2016-10-09,7590,10,2016
2016-10-10,7107,10,2016
2016-10-11,3157,10,2016
2016-10-12,358,10,2016
2016-10-13,4610,10,2016
2016-10-14,5408,10,2016
2016-10-15,645,10,2016
2016-10-16,5547,10,2016
2016-10-17,1784,10,2016
2016-10-18,6148,10,2016
2016-10-19,4518,10,2016
2016-10-20,5708,10,2016
2016-10-21,2089,10,2016
2016-10-22,4963,10,2016
2016-10-23,5592,10,2016
2016-10-24,7060,10,2016
2016-10-25,4862,10,2016
2016-10-26,281,10,2016
2016-10-27,1373,10,2016
2016-10-28,2079,10,2016
2016-10-29,2089,10,2016
2016-10-30,3617,10,2016
2016-10-31,2105,10,2016
2016-11-01,5518,11,2016
2016-11-02,2716,11,2016
2016-11-03,3311,11,2016
2016-11-04,6223,11,2016
2016-11-05,5442,11,2016
2016-11-06,5712,11,2016
2016-11-07,5678,11,2016
2016-11-08,2506,11,2016
2016-11-09,5969,11,2016
2016-11-10,5860,11,2016
2016-11-11,5998,11,2016
2016-11-12,5567,11,2016
2016-11-13,5793,11,2016
2016-11-14,4207,11,2016
2016-11-15,1005,11,2016
2016-11-16,5278,11,2016
2016-11-17,3586,11,2016
2016-11-18,1557,11,2016
2016-11-19,1991,11,2016
2016-11-20,5134,11,2016
2016-11-21,5351,11,2016
2016-11-22,2522,11,2016
2016-11-23,162,11,2016
2016-11-24,680,11,2016
2016-11-25,443,11,2016
2016-11-26,2146,11,2016
2016-11-27,4057,11,2016
2016-11-28,162,11,2016
2016-11-29,4085,11,2016
2016-11-30,893,11,2016
2016-12-01,946,12,2016
2016-12-02,795,12,2016
2016-12-03,238,12,2016
2016-12-04,42,12,2016
2016-12-05,677,12,2016
2016-12-06,612,12,2016
2016-12-07,1996,12,2016
2016-12-08,4061,12,2016
2016-12-09,4720,12,2016
2016-12-10,4414,12,2016
2016-12-11,143,12,2016
2016-12-12,904,12,2016
2016-12-13,5000,12,2016
2016-12-14,4956,12,2016
2016-12-15,4968,12,2016
2016-12-16,415,12,2016
2016-12-17,127,12,2016
2016-12-18,1939,12,2016
2016-12-19,1558,12,2016
2016-12-20,3672,12,2016
2016-12-21,697,12,2016
2016-12-22,4782,12,2016
2016-12-23,546,12,2016
2016-12-24,1048,12,2016
2016-12-25,397,12,2016
2016-12-26,4678,12,2016
2016-12-27,1485,12,2016
2016-12-28,2495,12,2016
2016-12-29,1182,12,2016
2016-12-30,1931,12,2016
2016-12-31,1018,12,2016
2017-01-01,4452,1,2017
2017-01-02,1113,1,2017
2017-01-03,407,1,2017
2017-01-04,4994,1,2017
2017-01-05,5100,1,2017
2017-01-06,5067,1,2017
2017-01-07,5213,1,2017
2017-01-08,4990,1,2017
2017-01-09,977,1,2017
2017-01-10,256,1,2017
2017-01-11,1352,1,2017
2017-01-12,2414,1,2017
2017-01-13,1693,1,2017
2017-01-14,3937,1,2017
2017-01-15,5579,1,2017
2017-01-16,1369,1,2017
2017-01-17,562,1,2017
2017-01-18,2991,1,2017
2017-01-19,903,1,2017
2017-01-20,602,1,2017
2017-01-21,399,1,2017
2017-01-22,1319,1,2017
2017-01-23,1338,1,2017
2017-01-24,964,1,2017
2017-01-25,747,1,2017
2017-01-26,2455,1,2017
2017-01-27,1953,1,2017
2017-01-28,810,1,2017
2017-01-29,1472,1,2017
2017-01-30,2804,1,2017
2017-01-31,2186,1,2017
2017-02-01,4347,2,2017
2017-02-02,7246,2,2017
2017-02-03,7428,2,2017
2017-02-04,2474,2,2017
2017-02-05,5802,2,2017
2017-02-06,5128,2,2017
2017-02-07,294,2,2017
2017-02-08,5679,2,2017
2017-02-09,8113,2,2017
2017-02-10,4250,2,2017
2017-02-11,2509,2,2017
2017-02-12,7393,2,2017
2017-02-13,7459,2,2017
2017-02-14,5731,2,2017
2017-02-15,4721,2,2017
2017-02-16,3186,2,2017
2017-02-17,7883,2,2017
2017-02-18,7865,2,2017
2017-02-19,7522,2,2017
2017-02-20,2183,2,2017
2017-02-21,8265,2,2017
2017-02-22,6111,2,2017
2017-02-23,3764,2,2017
2017-02-24,634,2,2017
2017-02-25,5843,2,2017
2017-02-26,7136,2,2017
2017-02-27,7785,2,2017
2017-02-28,522,2,2017
2017-03-01,174,3,2017
2017-03-02,5194,3,2017
2017-03-03,10246,3,2017
2017-03-04,4240,3,2017
2017-03-05,2520,3,2017
2017-03-06,612,3,2017
2017-03-07,8039,3,2017
2017-03-08,7538,3,2017
2017-03-09,4375,3,2017
2017-03-10,10318,3,2017
2017-03-11,10359,3,2017
2017-03-12,7033,3,2017
2017-03-13,4535,3,2017
2017-03-14,7919,3,2017
2017-03-15,10411,3,2017
2017-03-16,9923,3,2017
2017-03-17,660,3,2017
2017-03-18,3745,3,2017
2017-03-19,8474,3,2017
2017-03-20,5073,3,2017
2017-03-21,9893,3,2017
2017-03-22,9829,3,2017
2017-03-23,1964,3,2017
2017-03-24,738,3,2017
2017-03-25,562,3,2017
2017-03-26,768,3,2017
2017-03-27,1225,3,2017
2017-03-28,9831,3,2017
2017-03-29,2007,3,2017
2017-03-30,717,3,2017
2017-03-31,7124,3,2017
2017-04-01,9496,4,2017
2017-04-02,2766,4,2017
2017-04-03,897,4,2017
2017-04-04,5439,4,2017
2017-04-05,1816,4,2017
2017-04-06,8619,4,2017
2017-04-07,9502,4,2017
2017-04-08,8474,4,2017
2017-04-09,5047,4,2017
2017-04-10,980,4,2017
2017-04-11,1785,4,2017
2017-04-12,5055,4,2017
2017-04-13,2798,4,2017
2017-04-14,4999,4,2017
2017-04-15,4199,4,2017
2017-04-16,9401,4,2017
2017-04-17,6956,4,2017
2017-04-18,4863,4,2017
2017-04-19,3700,4,2017
2017-04-20,1467,4,2017
2017-04-21,8980,4,2017
2017-04-22,10571,4,2017
2017-04-23,10476,4,2017
2017-04-24,7490,4,2017
2017-04-25,8153,4,2017
2017-04-26,2106,4,2017
2017-04-27,2767,4,2017
2017-04-28,7671,4,2017
2017-04-29,5918,4,2017
2017-04-30,1373,4,2017
2017-05-01,4385,5,2017
2017-05-02,4347,5,2017
2017-05-03,10153,5,2017
2017-05-04,8283,5,2017
2017-05-05,10442,5,2017
2017-05-06,10162,5,2017
2017-05-07,11018,5,2017
2017-05-08,10567,5,2017
2017-05-09,4561,5,2017
2017-05-10,6614,5,2017
2017-05-11,6435,5,2017
2017-05-12,6396,5,2017
2017-05-13,5642,5,2017
2017-05-14,10281,5,2017
2017-05-15,7629,5,2017
2017-05-16,7118,5,2017
2017-05-17,5265,5,2017
2017-05-18,5116,5,2017
2017-05-19,5758,5,2017
2017-05-20,3520,5,2017
2017-05-21,4278,5,2017
2017-05-22,9180,5,2017
2017-05-23,2322,5,2017
2017-05-24,2112,5,2017
2017-05-25,10203,5,2017
2017-05-26,6344,5,2017
2017-05-27,8469,5,2017
2017-05-28,7536,5,2017
2017-05-29,7246,5,2017
2017-05-30,4843,5,2017
2017-05-31,9330,5,2017
2017-06-01,10305,6,2017
2017-06-02,9609,6,2017
2017-06-03,6072,6,2017
2017-06-04,10072,6,2017
2017-06-05,8474,6,2017
2017-06-06,10296,6,2017
2017-06-07,9638,6,2017
2017-06-08,7392,6,2017
2017-06-09,7352,6,2017
2017-06-10,9716,6,2017
2017-06-11,4908,6,2017
2017-06-12,4530,6,2017
2017-06-13,3358,6,2017
2017-06-14,5985,6,2017
2017-06-15,9509,6,2017
2017-06-16,8154,6,2017
2017-06-17,7756,6,2017
2017-06-18,5739,6,2017
2017-06-19,5619,6,2017
2017-06-20,5820,6,2017
2017-06-21,8360,6,2017
2017-06-22,2686,6,2017
2017-06-23,8975,6,2017
2017-06-24,8825,6,2017
2017-06-25,7294,6,2017
2017-06-26,5601,6,2017
2017-06-27,9397,6,2017
2017-06-28,2001,6,2017
2017-06-29,7007,6,2017
2017-06-30,8072,6,2017
2017-07-01,7367,7,2017
2017-07-02,6879,7,2017
2017-07-03,8896,7,2017
2017-07-04,9701,7,2017
2017-07-05,5274,7,2017
2017-07-06,7799,7,2017
2017-07-07,7511,7,2017
2017-07-08,9713,7,2017
2017-07-09,6468,7,2017
2017-07-10,8488,7,2017
2017-07-11,8379,7,2017
2017-07-12,6301,7,2017
2017-07-13,6243,7,2017
2017-07-14,4414,7,2017
2017-07-15,9851,7,2017
2017-07-16,7457,7,2017
2017-07-17,9422,7,2017
2017-07-18,7626,7,2017
2017-07-19,8981,7,2017
2017-07-20,8506,7,2017
2017-07-21,3646,7,2017
2017-07-22,6202,7,2017
2017-07-23,5490,7,2017
2017-07-24,8910,7,2017
2017-07-25,6891,7,2017
2017-07-26,3772,7,2017
2017-07-27,9908,7,2017
2017-07-28,9778,7,2017
2017-07-29,9911,7,2017
2017-07-30,9514,7,2017
2017-07-31,9050,7,2017
2017-08-01,6846,8,2017
2017-08-02,6309,8,2017
2017-08-03,1961,8,2017
2017-08-04,2437,8,2017
2017-08-05,7583,8,2017
2017-08-06,6438,8,2017
2017-08-07,9921,8,2017
2017-08-08,9449,8,2017
2017-08-09,7391,8,2017
2017-08-10,6096,8,2017
2017-08-11,3031,8,2017
2017-08-12,9846,8,2017
2017-08-13,7199,8,2017
2017-08-14,6342,8,2017
2017-08-15,7746,8,2017
2017-08-16,8274,8,2017
2017-08-17,5625,8,2017
2017-08-18,3594,8,2017
2017-08-19,8865,8,2017
2017-08-20,6084,8,2017
2017-08-21,4726,8,2017
2017-08-22,8369,8,2017
2017-08-23,8845,8,2017
2017-08-24,9359,8,2017
2017-08-25,9457,8,2017
2017-08-26,2164,8,2017
2017-08-27,1243,8,2017
2017-08-28,3088,8,2017
2017-08-29,5569,8,2017
2017-08-30,6901,8,2017
2017-08-31,8837,8,2017
2017-09-01,8337,9,2017
2017-09-02,2911,9,2017
2017-09-03,8808,9,2017
2017-09-04,5746,9,2017
2017-09-05,6042,9,2017
2017-09-06,6474,9,2017
2017-09-07,3136,9,2017
2017-09-08,8084,9,2017
2017-09-09,9050,9,2017
2017-09-10,8813,9,2017
2017-09-11,8625,9,2017
2017-09-12,8564,9,2017
2017-09-13,8377,9,2017
2017-09-14,7760,9,2017
2017-09-15,7889,9,2017
2017-09-16,7215,9,2017
2017-09-17,4887,9,2017
2017-09-18,7687,9,2017
2017-09-19,7757,9,2017
2017-09-20,6107,9,2017
2017-09-21,4797,9,2017
2017-09-22,7801,9,2017
2017-09-23,7960,9,2017
2017-09-24,7984,9,2017
2017-09-25,7523,9,2017
2017-09-26,2834,9,2017
2017-09-27,6836,9,2017
2017-09-28,7244,9,2017
2017-09-29,5725,9,2017
2017-09-30,8644,9,2017
2017-10-01,7762,10,2017
2017-10-02,5730,10,2017
2017-10-03,4111,10,2017
2017-10-04,8358,10,2017
2017-10-05,2382,10,2017
2017-10-06,1382,10,2017
2017-10-07,1090,10,2017
2017-10-08,7402,10,2017
2017-10-09,6491,10,2017
2017-10-10,4756,10,2017
2017-10-11,1846,10,2017
2017-10-12,650,10,2017
2017-10-13,1046,10,2017
2017-10-14,839,10,2017
2017-10-15,3313,10,2017
2017-10-16,7030,10,2017
2017-10-17,6572,10,2017
2017-10-18,6474,10,2017
2017-10-19,6229,10,2017
2017-10-20,6153,10,2017
2017-10-21,5896,10,2017
2017-10-22,268,10,2017
2017-10-23,1511,10,2017
2017-10-24,707,10,2017
2017-10-25,6166,10,2017
2017-10-26,3892,10,2017
2017-10-27,744,10,2017
2017-10-28,1130,10,2017
2017-10-29,5311,10,2017
2017-10-30,1570,10,2017
2017-10-31,911,10,2017
2017-11-01,2184,11,2017
2017-11-02,594,11,2017
2017-11-03,4336,11,2017
2017-11-04,295,11,2017
2017-11-05,632,11,2017
2017-11-06,4566,11,2017
2017-11-07,4176,11,2017
2017-11-08,2822,11,2017
2017-11-09,2679,11,2017
2017-11-10,4826,11,2017
2017-11-11,342,11,2017
2017-11-12,3732,11,2017
2017-11-13,4255,11,2017
2017-11-14,541,11,2017
2017-11-15,254,11,2017
2017-11-16,3557,11,2017
2017-11-17,469,11,2017
2017-11-18,315,11,2017
2017-11-19,5118,11,2017
2017-11-20,4568,11,2017
2017-11-21,1156,11,2017
2017-11-22,4510,11,2017
2017-11-23,4693,11,2017
2017-11-24,3437,11,2017
2017-11-25,4709,11,2017
2017-11-26,4214,11,2017
2017-11-27,2977,11,2017
2017-11-28,3303,11,2017
2017-11-29,4645,11,2017
2017-11-30,4543,11,2017
2017-12-01,3021,12,2017
2017-12-02,2968,12,2017
2017-12-03,3372,12,2017
2017-12-04,531,12,2017
2017-12-05,3540,12,2017
2017-12-06,1191,12,2017
2017-12-07,4058,12,2017
2017-12-08,537,12,2017
2017-12-09,4364,12,2017
2017-12-10,730,12,2017
2017-12-11,521,12,2017
2017-12-12,1721,12,2017
2017-12-13,129,12,2017
2017-12-14,2256,12,2017
2017-12-15,1553,12,2017
2017-12-16,550,12,2017
2017-12-17,443,12,2017
2017-12-18,0,12,2017
2017-12-19,4745,12,2017
2017-12-20,1011,12,2017
2017-12-21,651,12,2017
2017-12-22,826,12,2017
2017-12-23,1414,12,2017
2017-12-24,542,12,2017
2017-12-25,4206,12,2017
2017-12-26,4767,12,2017
2017-12-27,4728,12,2017
2017-12-28,982,12,2017
2017-12-29,1031,12,2017
2017-12-30,4815,12,2017
2017-12-31,4803,12,2017
2018-01-01,4828,1,2018
2018-01-02,4632,1,2018
2018-01-03,2930,1,2018
2018-01-04,4953,1,2018
2018-01-05,4978,1,2018
2018-01-06,4922,1,2018
2018-01-07,2888,1,2018
2018-01-08,4903,1,2018
2018-01-09,3382,1,2018
2018-01-10,322,1,2018
2018-01-11,272,1,2018
2018-01-12,5266,1,2018
2018-01-13,5234,1,2018
2018-01-14,3856,1,2018
2018-01-15,438,1,2018
2018-01-16,3205,1,2018
2018-01-17,3737,1,2018
2018-01-18,4093,1,2018
2018-01-19,2862,1,2018
2018-01-20,2641,1,2018
2018-01-21,3227,1,2018
2018-01-22,193,1,2018
2018-01-23,1005,1,2018
2018-01-24,3886,1,2018
2018-01-25,4217,1,2018
2018-01-26,2519,1,2018
2018-01-27,5835,1,2018
2018-01-28,2148,1,2018
2018-01-29,3116,1,2018
2018-01-30,5129,1,2018
2018-01-31,3674,1,2018
2018-02-01,6622,2,2018
2018-02-02,6658,2,2018
2018-02-03,554,2,2018
2018-02-04,2950,2,2018
2018-02-05,3538,2,2018
2018-02-06,6839,2,2018
2018-02-07,6230,2,2018
2018-02-08,7675,2,2018
2018-02-09,6017,2,2018
2018-02-10,6541,2,2018
2018-02-11,5839,2,2018
2018-02-12,7706,2,2018
2018-02-13,2674,2,2018
2018-02-14,7996,2,2018
2018-02-15,4786,2,2018
2018-02-16,8621,2,2018
2018-02-17,1118,2,2018
2018-02-18,3284,2,2018
2018-02-19,1007,2,2018
2018-02-20,1042,2,2018
2018-02-21,6972,2,2018
2018-02-22,2041,2,2018
2018-02-23,1053,2,2018
2018-02-24,4526,2,2018
2018-02-25,7277,2,2018
2018-02-26,8776,2,2018
2018-02-27,8144,2,2018
2018-02-28,3089,2,2018
2018-03-01,2964,3,2018
2018-03-02,9043,3,2018
2018-03-03,5938,3,2018
2018-03-04,3602,3,2018
2018-03-05,1940,3,2018
2018-03-06,1474,3,2018
2018-03-07,4747,3,2018
2018-03-08,5543,3,2018
2018-03-09,8366,3,2018
2018-03-10,8776,3,2018
2018-03-11,8114,3,2018
2018-03-12,7924,3,2018
2018-03-13,5889,3,2018
2018-03-14,10062,3,2018
2018-03-15,9129,3,2018
2018-03-16,9694,3,2018
2018-03-17,10077,3,2018
2018-03-18,9528,3,2018
2018-03-19,10009,3,2018
2018-03-20,4322,3,2018
2018-03-21,8754,3,2018
2018-03-22,10090,3,2018
2018-03-23,9938,3,2018
2018-03-24,5430,3,2018
2018-03-25,9323,3,2018
2018-03-26,6198,3,2018
2018-03-27,2457,3,2018
2018-03-28,9825,3,2018
2018-03-29,7390,3,2018
2018-03-30,8665,3,2018
2018-03-31,1845,3,2018
2018-04-01,10735,4,2018
2018-04-02,6469,4,2018
2018-04-03,790,4,2018
2018-04-04,9754,4,2018
2018-04-05,10476,4,2018
2018-04-06,7267,4,2018
2018-04-07,10313,4,2018
2018-04-08,8693,4,2018
2018-04-09,8109,4,2018
2018-04-10,5876,4,2018
2018-04-11,9438,4,2018
2018-04-12,2551,4,2018
2018-04-13,548,4,2018
2018-04-14,2303,4,2018
2018-04-15,1388,4,2018
2018-04-16,4268,4,2018
2018-04-17,6639,4,2018
2018-04-18,2861,4,2018
2018-04-19,10825,4,2018
2018-04-20,10265,4,2018
2018-04-21,8251,4,2018
2018-04-22,10096,4,2018
2018-04-23,9221,4,2018
2018-04-24,8685,4,2018
2018-04-25,10284,4,2018
2018-04-26,8621,4,2018
2018-04-27,4258,4,2018
2018-04-28,10667,4,2018
2018-04-29,10838,4,2018
2018-04-30,8831,4,2018
2018-05-01,6951,5,2018
2018-05-02,5171,5,2018
2018-05-03,4035,5,2018
2018-05-04,6843,5,2018
2018-05-05,10056,5,2018
2018-05-06,8721,5,2018
2018-05-07,9040,5,2018
2018-05-08,7000,5,2018
2018-05-09,1575,5,2018
2018-05-10,7171,5,2018
2018-05-11,1607,5,2018
2018-05-12,7470,5,2018
2018-05-13,9199,5,2018
2018-05-14,5789,5,2018
2018-05-15,9183,5,2018
2018-05-16,8716,5,2018
2018-05-17,7790,5,2018
2018-05-18,8375,5,2018
2018-05-19,4909,5,2018
2018-05-20,7484,5,2018
2018-05-21,2125,5,2018
2018-05-22,5959,5,2018
2018-05-23,7656,5,2018
2018-05-24,7649,5,2018
2018-05-25,6704,5,2018
2018-05-26,7984,5,2018
2018-05-27,7404,5,2018
2018-05-28,5880,5,2018
2018-05-29,8843,5,2018
2018-05-30,2953,5,2018
2018-05-31,6445,5,2018
2018-06-01,9490,6,2018
2018-06-02,4416,6,2018
2018-06-03,4895,6,2018
2018-06-04,9499,6,2018
2018-06-05,9779,6,2018
2018-06-06,4560,6,2018
2018-06-07,9914,6,2018
2018-06-08,6613,6,2018
2018-06-09,6975,6,2018
2018-06-10,2910,6,2018
2018-06-11,9431,6,2018
2018-06-12,6689,6,2018
2018-06-13,10417,6,2018
2018-06-14,8675,6,2018
2018-06-15,2857,6,2018
2018-06-16,6468,6,2018
2018-06-17,8633,6,2018
2018-06-18,3485,6,2018
2018-06-19,3310,6,2018
2018-06-20,5583,6,2018
2018-06-21,7848,6,2018
2018-06-22,6330,6,2018
2018-06-23,10072,6,2018
2018-06-24,9589,6,2018
2018-06-25,7510,6,2018
2018-06-26,3752,6,2018
2018-06-27,5962,6,2018
2018-06-28,9399,6,2018
2018-06-29,9177,6,2018
2018-06-30,8705,6,2018
2018-07-01,7108,7,2018
2018-07-02,9852,7,2018
2018-07-03,9412,7,2018
2018-07-04,7947,7,2018
2018-07-05,6605,7,2018
2018-07-06,10188,7,2018
2018-07-07,10033,7,2018
2018-07-08,9848,7,2018
2018-07-09,7899,7,2018
2018-07-10,8223,7,2018
2018-07-11,8781,7,2018
2018-07-12,4636,7,2018
2018-07-13,4986,7,2018
2018-07-14,5732,7,2018
2018-07-15,7294,7,2018
2018-07-16,9435,7,2018
2018-07-17,8855,7,2018
2018-07-18,9164,7,2018
2018-07-19,7734,7,2018
2018-07-20,4301,7,2018
2018-07-21,2148,7,2018
2018-07-22,5880,7,2018
2018-07-23,7988,7,2018
2018-07-24,8909,7,2018
2018-07-25,7822,7,2018
2018-07-26,5894,7,2018
2018-07-27,5900,7,2018
2018-07-28,7157,7,2018
2018-07-29,7464,7,2018
2018-07-30,7218,7,2018
2018-07-31,7992,7,2018
2018-08-01,6955,8,2018
2018-08-02,2536,8,2018
2018-08-03,7484,8,2018
2018-08-04,6787,8,2018
2018-08-05,7100,8,2018
2018-08-06,6048,8,2018
2018-08-07,3503,8,2018
2018-08-08,8220,8,2018
2018-08-09,8855,8,2018
2018-08-10,8325,8,2018
2018-08-11,7528,8,2018
2018-08-12,8459,8,2018
2018-08-13,7954,8,2018
2018-08-14,8481,8,2018
2018-08-15,7985,8,2018
2018-08-16,3246,8,2018
2018-08-17,5226,8,2018
2018-08-18,6972,8,2018
2018-08-19,7684,8,2018
2018-08-20,2547,8,2018
2018-08-21,2777,8,2018
2018-08-22,9095,8,2018
2018-08-23,8806,8,2018
2018-08-24,1318,8,2018
2018-08-25,4199,8,2018
2018-08-26,4576,8,2018
2018-08-27,4951,8,2018
2018-08-28,2268,8,2018
2018-08-29,5054,8,2018
2018-08-30,8856,8,2018
2018-08-31,7908,8,2018
2018-09-01,4119,9,2018
2018-09-02,3469,9,2018
2018-09-03,1630,9,2018
2018-09-04,7768,9,2018
2018-09-05,1983,9,2018
2018-09-06,9777,9,2018
2018-09-07,5721,9,2018
2018-09-08,7861,9,2018
2018-09-09,9672,9,2018
2018-09-10,9347,9,2018
2018-09-11,8820,9,2018
2018-09-12,8725,9,2018
2018-09-13,8818,9,2018
2018-09-14,8344,9,2018
2018-09-15,8080,9,2018
2018-09-16,8255,9,2018
2018-09-17,7844,9,2018
2018-09-18,2941,9,2018
2018-09-19,1069,9,2018
2018-09-20,1620,9,2018
2018-09-21,3894,9,2018
2018-09-22,9232,9,2018
2018-09-23,8697,9,2018
2018-09-24,7865,9,2018
2018-09-25,3052,9,2018
2018-09-26,7251,9,2018
2018-09-27,4467,9,2018
2018-09-28,3509,9,2018
2018-09-29,1947,9,2018
2018-09-30,732,9,2018
2018-10-01,617,10,2018
2018-10-02,1291,10,2018
2018-10-03,3362,10,2018
2018-10-04,8204,10,2018
2018-10-05,511,10,2018
2018-10-06,1765,10,2018
2018-10-07,1176,10,2018
2018-10-08,2147,10,2018
2018-10-09,4331,10,2018
2018-10-10,917,10,2018
2018-10-11,2144,10,2018
2018-10-12,962,10,2018
2018-10-13,4161,10,2018
2018-10-14,654,10,2018
2018-10-15,3863,10,2018
2018-10-16,5949,10,2018
2018-10-17,6809,10,2018
2018-10-18,7104,10,2018
2018-10-19,495,10,2018
2018-10-20,2779,10,2018
2018-10-21,5191,10,2018
2018-10-22,6787,10,2018
2018-10-23,6461,10,2018
2018-10-24,5412,10,2018
2018-10-25,3653,10,2018
2018-10-26,1427,10,2018
2018-10-27,1147,10,2018
2018-10-28,442,10,2018
2018-10-29,1425,10,2018
2018-10-30,1738,10,2018
2018-10-31,6012,10,2018
2018-11-01,3326,11,2018
2018-11-02,2948,11,2018
2018-11-03,5740,11,2018
2018-11-04,146,11,2018
2018-11-05,1200,11,2018
2018-11-06,726,11,2018
2018-11-07,1056,11,2018
2018-11-08,864,11,2018
2018-11-09,4442,11,2018
2018-11-10,5632,11,2018
2018-11-11,1338,11,2018
2018-11-12,2096,11,2018
2018-11-13,5621,11,2018
2018-11-14,5752,11,2018
2018-11-15,5349,11,2018
2018-11-16,456,11,2018
2018-11-17,1053,11,2018
2018-11-18,5576,11,2018
2018-11-19,1711,11,2018
2018-11-20,1106,11,2018
2018-11-21,3388,11,2018
2018-11-22,314,11,2018
2018-11-23,2652,11,2018
2018-11-24,237,11,2018
2018-11-25,800,11,2018
2018-11-26,2123,11,2018
2018-11-27,1566,11,2018
2018-11-28,4368,11,2018
2018-11-29,186,11,2018
2018-11-30,488,11,2018
2018-12-01,164,12,2018
2018-12-02,681,12,2018
2018-12-03,757,12,2018
2018-12-04,4292,12,2018
2018-12-05,3272,12,2018
2018-12-06,4587,12,2018
2018-12-07,4480,12,2018
2018-12-08,4580,12,2018
2018-12-09,2554,12,2018
2018-12-10,4807,12,2018
2018-12-11,694,12,2018
2018-12-12,194,12,2018
2018-12-13,1577,12,2018
2018-12-14,3678,12,2018
2018-12-15,4310,12,2018
2018-12-16,3877,12,2018
2018-12-17,4343,12,2018
2018-12-18,4240,12,2018
2018-12-19,1166,12,2018
2018-12-20,459,12,2018
2018-12-21,523,12,2018
2018-12-22,493,12,2018
2018-12-23,673,12,2018
2018-12-24,3989,12,2018
2018-12-25,722,12,2018
2018-12-26,909,12,2018
2018-12-27,112,12,2018
2018-12-28,221,12,2018
2018-12-29,1921,12,2018
2018-12-30,2402,12,2018
2018-12-31,120,12,2018
2019-01-01,247,1,2019
2019-01-02,75,1,2019
2019-01-03,1484,1,2019
2019-01-04,3860,1,2019
2019-01-05,4801,1,2019
2019-01-06,2395,1,2019
2019-01-07,168,1,2019
2019-01-08,2140,1,2019
2019-01-09,3125,1,2019
2019-01-10,2298,1,2019
2019-01-11,804,1,2019
2019-01-12,324,1,2019
2019-01-13,633,1,2019
2019-01-14,1134,1,2019
2019-01-15,294,1,2019
2019-01-16,5256,1,2019
2019-01-17,437,1,2019
2019-01-18,1894,1,2019
2019-01-19,5113,1,2019
2019-01-20,5706,1,2019
2019-01-21,5035,1,2019
2019-01-22,484,1,2019
2019-01-23,50,1,2019
2019-01-24,99,1,2019
2019-01-25,503,1,2019
2019-01-26,399,1,2019
2019-01-27,684,1,2019
2019-01-28,169,1,2019
2019-01-29,785,1,2019
2019-01-30,2184,1,2019
2019-01-31,2933,1,2019
2019-02-01,3802,2,2019
2019-02-02,861,2,2019
2019-02-03,606,2,2019
2019-02-04,358,2,2019
2019-02-05,3252,2,2019
2019-02-06,1255,2,2019
2019-02-07,645,2,2019
2019-02-08,7231,2,2019
2019-02-09,7199,2,2019
2019-02-10,916,2,2019
2019-02-11,796,2,2019
2019-02-12,997,2,2019
2019-02-13,8205,2,2019
2019-02-14,2526,2,2019
2019-02-15,8797,2,2019
2019-02-16,7952,2,2019
2019-02-17,1490,2,2019
2019-02-18,8751,2,2019
2019-02-19,8708,2,2019
2019-02-20,858,2,2019
2019-02-21,8545,2,2019
2019-02-22,8686,2,2019
2019-02-23,1279,2,2019
2019-02-24,1951,2,2019
2019-02-25,7769,2,2019
2019-02-26,2459,2,2019
2019-02-27,2412,2,2019
2019-02-28,6531,2,2019
2019-03-01,3574,3,2019
2019-03-02,6547,3,2019
2019-03-03,10360,3,2019
2019-03-04,10303,3,2019
2019-03-05,9405,3,2019
2019-03-06,8359,3,2019
2019-03-07,8611,3,2019
2019-03-08,7397,3,2019
2019-03-09,4051,3,2019
2019-03-10,2382,3,2019
2019-03-11,10732,3,2019
2019-03-12,7673,3,2019
2019-03-13,1111,3,2019
2019-03-14,5505,3,2019
2019-03-15,1203,3,2019
2019-03-16,10112,3,2019
2019-03-17,10291,3,2019
2019-03-18,9464,3,2019
2019-03-19,9551,3,2019
2019-03-20,2319,3,2019
2019-03-21,5194,3,2019
2019-03-22,9980,3,2019
2019-03-23,10021,3,2019
2019-03-24,5167,3,2019
2019-03-25,10297,3,2019
2019-03-26,8793,3,2019
2019-03-27,4895,3,2019
2019-03-28,4209,3,2019
2019-03-29,8305,3,2019
2019-03-30,7556,3,2019
2019-03-31,7184,3,2019
2019-04-01,1147,4,2019
2019-04-02,4828,4,2019
2019-04-03,7773,4,2019
2019-04-04,5014,4,2019
2019-04-05,2537,4,2019
2019-04-06,1376,4,2019
2019-04-07,2942,4,2019
2019-04-08,8690,4,2019
2019-04-09,8131,4,2019
2019-04-10,1431,4,2019
2019-04-11,453,4,2019
2019-04-12,3084,4,2019
2019-04-13,2161,4,2019
2019-04-14,1932,4,2019
2019-04-15,9061,4,2019
2019-04-16,6207,4,2019
2019-04-17,923,4,2019
2019-04-18,1039,4,2019
2019-04-19,9543,4,2019
2019-04-20,9474,4,2019
2019-04-21,7533,4,2019
2019-04-22,4829,4,2019
2019-04-23,10438,4,2019
2019-04-24,10198,4,2019
2019-04-25,2965,4,2019
2019-04-26,10587,4,2019
2019-04-27,3132,4,2019
2019-04-28,9995,4,2019
2019-04-29,1302,4,2019
2019-04-30,1560,4,2019
2019-05-01,2091,5,2019
2019-05-02,4012,5,2019
2019-05-03,4442,5,2019
2019-05-04,10131,5,2019
2019-05-05,7476,5,2019
2019-05-06,4798,5,2019
2019-05-07,9411,5,2019
2019-05-08,2268,5,2019
2019-05-09,1853,5,2019
2019-05-10,8337,5,2019
2019-05-11,6759,5,2019
2019-05-12,9885,5,2019
2019-05-13,10138,5,2019
2019-05-14,8269,5,2019
2019-05-15,9810,5,2019
2019-05-16,4921,5,2019
2019-05-17,8422,5,2019
2019-05-18,1625,5,2019
2019-05-19,1457,5,2019
2019-05-20,6888,5,2019
2019-05-21,5649,5,2019
2019-05-22,5218,5,2019
2019-05-23,5856,5,2019
2019-05-24,3091,5,2019
2019-05-25,9318,5,2019
2019-05-26,7501,5,2019
2019-05-27,2747,5,2019
2019-05-28,3120,5,2019
2019-05-29,8516,5,2019
2019-05-30,7295,5,2019
2019-05-31,8948,5,2019
2019-06-01,3991,6,2019
2019-06-02,10126,6,2019
2019-06-03,9004,6,2019
2019-06-04,8052,6,2019
2019-06-05,6305,6,2019
2019-06-06,9860,6,2019
2019-06-07,9747,6,2019
2019-06-08,9960,6,2019
2019-06-09,2059,6,2019
2019-06-10,9820,6,2019
2019-06-11,7696,6,2019
2019-06-12,1710,6,2019
2019-06-13,8142,6,2019
2019-06-14,1368,6,2019
2019-06-15,2087,6,2019
2019-06-16,2881,6,2019
2019-06-17,7504,6,2019
2019-06-18,3188,6,2019
2019-06-19,8362,6,2019
2019-06-20,8277,6,2019
2019-06-21,6920,6,2019
2019-06-22,8218,6,2019
2019-06-23,4986,6,2019
2019-06-24,1877,6,2019
2019-06-25,7139,6,2019
2019-06-26,7287,6,2019
2019-06-27,6247,6,2019
2019-06-28,5391,6,2019
2019-06-29,7846,6,2019
2019-06-30,3714,6,2019
2019-07-01,5933,7,2019
2019-07-02,4112,7,2019
2019-07-03,9421,7,2019
2019-07-04,7898,7,2019
2019-07-05,8399,7,2019
2019-07-06,5582,7,2019
2019-07-07,9227,7,2019
2019-07-08,7934,7,2019
2019-07-09,8845,7,2019
2019-07-10,8796,7,2019
2019-07-11,10032,7,2019
2019-07-12,9468,7,2019
2019-07-13,7841,7,2019
2019-07-14,9433,7,2019
2019-07-15,7045,7,2019
2019-07-16,9146,7,2019
2019-07-17,4970,7,2019
2019-07-18,3662,7,2019
2019-07-19,8659,7,2019
2019-07-20,610,7,2019
2019-07-21,8601,7,2019
2019-07-22,9988,7,2019
2019-07-23,8600,7,2019
2019-07-24,8997,7,2019
2019-07-25,8495,7,2019
2019-07-26,3030,7,2019
2019-07-27,8720,7,2019
2019-07-28,7471,7,2019
2019-07-29,8034,7,2019
2019-07-30,6083,7,2019
2019-07-31,8085,7,2019
2019-08-01,9579,8,2019
2019-08-02,8668,8,2019
2019-08-03,6588,8,2019
2019-08-04,9104,8,2019
2019-08-05,6063,8,2019
2019-08-06,8244,8,2019
2019-08-07,7152,8,2019
2019-08-08,9501,8,2019
2019-08-09,9333,8,2019
2019-08-10,7799,8,2019
2019-08-11,3745,8,2019
2019-08-12,5467,8,2019
2019-08-13,4742,8,2019
2019-08-14,3853,8,2019
2019-08-15,6741,8,2019
2019-08-16,4331,8,2019
2019-08-17,7629,8,2019
2019-08-18,3046,8,2019
2019-08-19,9429,8,2019
2019-08-20,6430,8,2019
2019-08-21,7644,8,2019
2019-08-22,3332,8,2019
2019-08-23,8775,8,2019
2019-08-24,9372,8,2019
2019-08-25,7301,8,2019
2019-08-26,1164,8,2019
2019-08-27,8428,8,2019
2019-08-28,4646,8,2019
2019-08-29,6958,8,2019
2019-08-30,9819,8,2019
2019-08-31,4576,8,2019
2019-09-01,5902,9,2019
2019-09-02,5896,9,2019
2019-09-03,4821,9,2019
2019-09-04,2896,9,2019
2019-09-05,6337,9,2019
2019-09-06,2838,9,2019
2019-09-07,5814,9,2019
2019-09-08,2839,9,2019
2019-09-09,2098,9,2019
2019-09-10,4692,9,2019
2019-09-11,1284,9,2019
2019-09-12,1398,9,2019
2019-09-13,5205,9,2019
2019-09-14,8452,9,2019
2019-09-15,3501,9,2019
2019-09-16,6180,9,2019
2019-09-17,7143,9,2019
2019-09-18,7009,9,2019
2019-09-19,2910,9,2019
2019-09-20,6705,9,2019
2019-09-21,1877,9,2019
2019-09-22,1315,9,2019
2019-09-23,8457,9,2019
2019-09-24,7356,9,2019
2019-09-25,7140,9,2019
2019-09-26,8575,9,2019
2019-09-27,799,9,2019
2019-09-28,8122,9,2019
2019-09-29,1291,9,2019
2019-09-30,5819,9,2019
2019-10-01,820,10,2019
2019-10-02,2271,10,2019
2019-10-03,2453,10,2019
2019-10-04,4257,10,2019
2019-10-05,581,10,2019
2019-10-06,6516,10,2019
2019-10-07,7797,10,2019
2019-10-08,7416,10,2019
2019-10-09,6932,10,2019
2019-10-10,3624,10,2019
2019-10-11,412,10,2019
2019-10-12,4372,10,2019
2019-10-13,1009,10,2019
2019-10-14,6144,10,2019
2019-10-15,696,10,2019
2019-10-16,3848,10,2019
2019-10-17,1947,10,2019
2019-10-18,5808,10,2019
2019-10-19,4238,10,2019
2019-10-20,5456,10,2019
2019-10-21,689,10,2019
2019-10-22,797,10,2019
2019-10-23,5663,10,2019
2019-10-24,3398,10,2019
2019-10-25,6473,10,2019
2019-10-26,2555,10,2019
2019-10-27,6983,10,2019
2019-10-28,1680,10,2019
2019-10-29,4170,10,2019
2019-10-30,2003,10,2019
2019-10-31,1193,10,2019
2019-11-01,2115,11,2019
2019-11-02,2002,11,2019
2019-11-03,2896,11,2019
2019-11-04,1356,11,2019
2019-11-05,5611,11,2019
2019-11-06,370,11,2019
2019-11-07,4767,11,2019
2019-11-08,4878,11,2019
2019-11-09,5334,11,2019
2019-11-10,370,11,2019
2019-11-11,2408,11,2019
2019-11-12,6248,11,2019
2019-11-13,616,11,2019
2019-11-14,2959,11,2019
2019-11-15,5566,11,2019
2019-11-16,4355,11,2019
2019-11-17,710,11,2019
2019-11-18,316,11,2019
2019-11-19,532,11,2019
2019-11-20,2737,11,2019
2019-11-21,247,11,2019
2019-11-22,4425,11,2019
2019-11-23,5093,11,2019
2019-11-24,3034,11,2019
2019-11-25,1836,11,2019
2019-11-26,2058,11,2019
2019-11-27,384,11,2019
2019-11-28,524,11,2019
2019-11-29,607,11,2019
2019-11-30,335,11,2019
2019-12-01,9,12,2019
2019-12-02,1096,12,2019
2019-12-03,1819,12,2019
2019-12-04,829,12,2019
2019-12-05,890,12,2019
2019-12-06,3799,12,2019
2019-12-07,3061,12,2019
2019-12-08,2810,12,2019
2019-12-09,217,12,2019
2019-12-10,1270,12,2019
2019-12-11,2226,12,2019
2019-12-12,190,12,2019
2019-12-13,328,12,2019
2019-12-14,228,12,2019
2019-12-15,3235,12,2019
2019-12-16,1088,12,2019
2019-12-17,610,12,2019
2019-12-18,4662,12,2019
2019-12-19,4381,12,2019
2019-12-20,1943,12,2019
2019-12-21,4494,12,2019
2019-12-22,4255,12,2019
2019-12-23,3765,12,2019
2019-12-24,936,12,2019
2019-12-25,604,12,2019
2019-12-26,873,12,2019
2019-12-27,1694,12,2019
2019-12-28,395,12,2019
2019-12-29,654,12,2019
2019-12-30,331,12,2019
2019-12-31,550,12,2019
2020-01-01,3161,1,2020
2020-01-02,2804,1,2020
2020-01-03,415,1,2020
2020-01-04,444,1,2020
2020-01-05,499,1,2020
2020-01-06,4622,1,2020
2020-01-07,4249,1,2020
2020-01-08,4783,1,2020
2020-01-09,211,1,2020
2020-01-10,1834,1,2020
2020-01-11,757,1,2020
2020-01-12,2795,1,2020
2020-01-13,234,1,2020
2020-01-14,470,1,2020
2020-01-15,731,1,2020
2020-01-16,5520,1,2020
2020-01-17,1473,1,2020
2020-01-18,371,1,2020
2020-01-19,3228,1,2020
2020-01-20,4545,1,2020
2020-01-21,4911,1,2020
2020-01-22,1676,1,2020
2020-01-23,747,1,2020
2020-01-24,247,1,2020
2020-01-25,89,1,2020
2020-01-26,950,1,2020
2020-01-27,575,1,2020
2020-01-28,508,1,2020
2020-01-29,827,1,2020
2020-01-30,732,1,2020
2020-01-31,1371,1,2020
2020-02-01,1301,2,2020
2020-02-02,6212,2,2020
2020-02-03,5039,2,2020
2020-02-04,5469,2,2020
2020-02-05,4019,2,2020
2020-02-06,6524,2,2020
2020-02-07,3257,2,2020
2020-02-08,3338,2,2020
2020-02-09,170,2,2020
2020-02-10,6494,2,2020
2020-02-11,1696,2,2020
2020-02-12,4846,2,2020
2020-02-13,7836,2,2020
2020-02-14,8674,2,2020
2020-02-15,2675,2,2020
2020-02-16,8551,2,2020
2020-02-17,3463,2,2020
2020-02-18,1475,2,2020
2020-02-19,5328,2,2020
2020-02-20,6338,2,2020
2020-02-21,6744,2,2020
2020-02-22,8147,2,2020
2020-02-23,8799,2,2020
2020-02-24,5830,2,2020
2020-02-25,4708,2,2020
2020-02-26,1877,2,2020
2020-02-27,3129,2,2020
2020-02-28,8928,2,2020
2020-02-29,9447,2,2020
2020-03-01,7105,3,2020
2020-03-02,8931,3,2020
2020-03-03,3081,3,2020
2020-03-04,9697,3,2020
2020-03-05,1207,3,2020
2020-03-06,9815,3,2020
2020-03-07,9315,3,2020
2020-03-08,8671,3,2020
2020-03-09,648,3,2020
2020-03-10,9408,3,2020
2020-03-11,1002,3,2020
2020-03-12,872,3,2020
2020-03-13,9169,3,2020
2020-03-14,1478,3,2020
2020-03-15,5211,3,2020
2020-03-16,1041,3,2020
2020-03-17,10157,3,2020
2020-03-18,1395,3,2020
2020-03-19,764,3,2020
2020-03-20,5353,3,2020
2020-03-21,7295,3,2020
2020-03-22,3998,3,2020
2020-03-23,2882,3,2020
2020-03-24,4265,3,2020
2020-03-25,2005,3,2020
2020-03-26,2252,3,2020
2020-03-27,3159,3,2020
2020-03-28,652,3,2020
2020-03-29,1523,3,2020
2020-03-30,5786,3,2020
2020-03-31,1888,3,2020
2020-04-01,4002,4,2020
2020-04-02,8940,4,2020
2020-04-03,3042,4,2020
2020-04-04,9704,4,2020
2020-04-05,9042,4,2020
2020-04-06,4978,4,2020
2020-04-07,3671,4,2020
2020-04-08,3455,4,2020
2020-04-09,5468,4,2020
2020-04-10,5408,4,2020
2020-04-11,7093,4,2020
2020-04-12,751,4,2020
2020-04-13,6430,4,2020
2020-04-14,5969,4,2020
2020-04-15,4663,4,2020
2020-04-16,9644,4,2020
2020-04-17,5486,4,2020
2020-04-18,8361,4,2020
2020-04-19,8701,4,2020
2020-04-20,7742,4,2020
2020-04-21,10928,4,2020
2020-04-22,6863,4,2020
2020-04-23,1522,4,2020
2020-04-24,7844,4,2020
2020-04-25,5902,4,2020
2020-04-26,10683,4,2020
2020-04-27,1589,4,2020
2020-04-28,3284,4,2020
2020-04-29,778,4,2020
2020-04-30,10690,4,2020
2020-05-01,7384,5,2020
2020-05-02,9325,5,2020
2020-05-03,10784,5,2020
2020-05-04,9662,5,2020
2020-05-05,6175,5,2020
2020-05-06,9697,5,2020
2020-05-07,10808,5,2020
2020-05-08,8341,5,2020
2020-05-09,9422,5,2020
2020-05-10,3132,5,2020
2020-05-11,9518,5,2020
2020-05-12,10959,5,2020
2020-05-13,8387,5,2020
2020-05-14,2100,5,2020
2020-05-15,10488,5,2020
2020-05-16,9545,5,2020
2020-05-17,750,5,2020
2020-05-18,1334,5,2020
2020-05-19,4808,5,2020
2020-05-20,10239,5,2020
2020-05-21,10108,5,2020
2020-05-22,2918,5,2020
2020-05-23,7398,5,2020
2020-05-24,6909,5,2020
2020-05-25,8400,5,2020
2020-05-26,8209,5,2020
2020-05-27,8235,5,2020
2020-05-28,1505,5,2020
2020-05-29,5958,5,2020
2020-05-30,9258,5,2020
2020-05-31,10420,5,2020
2020-06-01,2779,6,2020
2020-06-02,9041,6,2020
2020-06-03,9745,6,2020
2020-06-04,9795,6,2020
2020-06-05,6382,6,2020
2020-06-06,9898,6,2020
2020-06-07,7868,6,2020
2020-06-08,9475,6,2020
2020-06-09,4482,6,2020
2020-06-10,6334,6,2020
2020-06-11,8816,6,2020
2020-06-12,6804,6,2020
2020-06-13,10382,6,2020
2020-06-14,10643,6,2020
2020-06-15,9317,6,2020
2020-06-16,9832,6,2020
2020-06-17,9703,6,2020
2020-06-18,9550,6,2020
2020-06-19,8755,6,2020
2020-06-20,2521,6,2020
2020-06-21,9875,6,2020
2020-06-22,2736,6,2020
2020-06-23,7448,6,2020
2020-06-24,7766,6,2020
2020-06-25,9441,6,2020
2020-06-26,3873,6,2020
2020-06-27,9289,6,2020
2020-06-28,9358,6,2020
2020-06-29,4189,6,2020
2020-06-30,9092,6,2020
2020-07-01,9413,7,2020
2020-07-02,8397,7,2020
2020-07-03,8183,7,2020
2020-07-04,8399,7,2020
2020-07-05,8633,7,2020
2020-07-06,7050,7,2020
2020-07-07,6360,7,2020
2020-07-08,9086,7,2020
2020-07-09,4280,7,2020
2020-07-10,8139,7,2020
2020-07-11,8483,7,2020
2020-07-12,7365,7,2020
2020-07-13,9650,7,2020
2020-07-14,4462,7,2020
2020-07-15,2112,7,2020
2020-07-16,9365,7,2020
2020-07-17,8506,7,2020
2020-07-18,5374,7,2020
2020-07-19,9938,7,2020
2020-07-20,8593,7,2020
2020-07-21,6801,7,2020
2020-07-22,7771,7,2020
2020-07-23,5393,7,2020
2020-07-24,9459,7,2020
2020-07-25,7830,7,2020
2020-07-26,3908,7,2020
2020-07-27,8894,7,2020
2020-07-28,7762,7,2020
2020-07-29,8903,7,2020
2020-07-30,8756,7,2020
2020-07-31,8357,7,2020
2020-08-01,7601,8,2020
2020-08-02,3713,8,2020
2020-08-03,3344,8,2020
2020-08-04,7850,8,2020
2020-08-05,8922,8,2020
2020-08-06,9573,8,2020
2020-08-07,9426,8,2020
2020-08-08,4057,8,2020
2020-08-09,6237,8,2020
2020-08-10,3875,8,2020
2020-08-11,9891,8,2020
2020-08-12,9252,8,2020
2020-08-13,7871,8,2020
2020-08-14,8947,8,2020
2020-08-15,5095,8,2020
2020-08-16,8699,8,2020
2020-08-17,7795,8,2020
2020-08-18,9302,8,2020
2020-08-19,9274,8,2020
2020-08-20,8241,8,2020
2020-08-21,6949,8,2020
2020-08-22,5747,8,2020
2020-08-23,8371,8,2020
2020-08-24,5797,8,2020
2020-08-25,4552,8,2020
2020-08-26,7922,8,2020
2020-08-27,2512,8,2020
2020-08-28,3672,8,2020
2020-08-29,9910,8,2020
2020-08-30,9589,8,2020
2020-08-31,2359,8,2020
2020-09-01,4497,9,2020
2020-09-02,9620,9,2020
2020-09-03,8106,9,2020
2020-09-04,8597,9,2020
2020-09-05,8408,9,2020
2020-09-06,4418,9,2020
2020-09-07,6005,9,2020
2020-09-08,966,9,2020
2020-09-09,946,9,2020
2020-09-10,2795,9,2020
2020-09-11,5790,9,2020
2020-09-12,1236,9,2020
2020-09-13,5743,9,2020
2020-09-14,4365,9,2020
2020-09-15,6488,9,2020
2020-09-16,5069,9,2020
2020-09-17,6122,9,2020
2020-09-18,9673,9,2020
2020-09-19,9270,9,2020
2020-09-20,6352,9,2020
2020-09-21,6533,9,2020
2020-09-22,6152,9,2020
2020-09-23,7738,9,2020
2020-09-24,2896,9,2020
2020-09-25,7997,9,2020
2020-09-26,3042,9,2020
2020-09-27,900,9,2020
2020-09-28,1699,9,2020
2020-09-29,1953,9,2020
2020-09-30,3512,9,2020
2020-10-01,5157,10,2020
2020-10-02,2577,10,2020
2020-10-03,778,10,2020
2020-10-04,6236,10,2020
2020-10-05,7742,10,2020
2020-10-06,6477,10,2020
2020-10-07,7777,10,2020
2020-10-08,7627,10,2020
2020-10-09,5324,10,2020
2020-10-10,7304,10,2020
2020-10-11,1636,10,2020
2020-10-12,1385,10,2020
2020-10-13,5397,10,2020
2020-10-14,1136,10,2020
2020-10-15,5935,10,2020
2020-10-16,5087,10,2020
2020-10-17,1572,10,2020
2020-10-18,3179,10,2020
2020-10-19,1876,10,2020
2020-10-20,1501,10,2020
2020-10-21,1260,10,2020
2020-10-22,179,10,2020
2020-10-23,871,10,2020
2020-10-24,2200,10,2020
2020-10-25,1366,10,2020
2020-10-26,3707,10,2020
2020-10-27,4734,10,2020
2020-10-28,3443,10,2020
2020-10-29,3312,10,2020
2020-10-30,3491,10,2020
2020-10-31,4667,10,2020
2020-11-01,3874,11,2020
2020-11-02,4900,11,2020
2020-11-03,5791,11,2020
2020-11-04,5472,11,2020
2020-11-05,4743,11,2020
2020-11-06,4953,11,2020
2020-11-07,5209,11,2020
2020-11-08,4497,11,2020
2020-11-09,3947,11,2020
2020-11-10,195,11,2020
2020-11-11,4919,11,2020
2020-11-12,3792,11,2020
2020-11-13,1642,11,2020
2020-11-14,2216,11,2020
2020-11-15,239,11,2020
2020-11-16,1403,11,2020
2020-11-17,4005,11,2020
2020-11-18,3366,11,2020
2020-11-19,2360,11,2020
2020-11-20,4210,11,2020
2020-11-21,3981,11,2020
2020-11-22,2360,11,2020
2020-11-23,5028,11,2020
2020-11-24,155,11,2020
2020-11-25,445,11,2020
2020-11-26,2107,11,2020
2020-11-27,2579,11,2020
2020-11-28,4655,11,2020
2020-11-29,4036,11,2020
2020-11-30,534,11,2020
2020-12-01,4828,12,2020
2020-12-02,4095,12,2020
2020-12-03,3729,12,2020
2020-12-04,3852,12,2020
2020-12-05,997,12,2020
2020-12-06,2607,12,2020
2020-12-07,486,12,2020
2020-12-08,570,12,2020
2020-12-09,4222,12,2020
2020-12-10,4213,12,2020
2020-12-11,451,12,2020
2020-12-12,557,12,2020
2020-12-13,651,12,2020
2020-12-14,4268,12,2020
2020-12-15,1113,12,2020
2020-12-16,2110,12,2020
2020-12-17,1035,12,2020
2020-12-18,1612,12,2020
2020-12-19,573,12,2020
2020-12-20,2099,12,2020
2020-12-21,696,12,2020
2020-12-22,1583,12,2020
2020-12-23,318,12,2020
2020-12-24,1917,12,2020
2020-12-25,3491,12,2020
2020-12-26,599,12,2020
2020-12-27,277,12,2020
2020-12-28,2552,12,2020
2020-12-29,1527,12,2020
2020-12-30,38,12,2020
2020-12-31,1650,12,2020
2021-01-01,647,1,2021
2021-01-02,546,1,2021
2021-01-03,551,1,2021
2021-01-04,507,1,2021
2021-01-05,923,1,2021
2021-01-06,815,1,2021
2021-01-07,897,1,2021
2021-01-08,719,1,2021
2021-01-09,2095,1,2021
2021-01-10,555,1,2021
2021-01-11,1597,1,2021
2021-01-12,811,1,2021
2021-01-13,3168,1,2021
2021-01-14,1579,1,2021
2021-01-15,1118,1,2021
2021-01-16,1228,1,2021
2021-01-17,1668,1,2021
2021-01-18,654,1,2021
2021-01-19,2670,1,2021
2021-01-20,1854,1,2021
2021-01-21,3826,1,2021
2021-01-22,5056,1,2021
2021-01-23,5544,1,2021
2021-01-24,1107,1,2021
2021-01-25,4161,1,2021
2021-01-26,1996,1,2021
2021-01-27,4755,1,2021
2021-01-28,5901,1,2021
2021-01-29,5917,1,2021
2021-01-30,1182,1,2021
2021-01-31,1488,1,2021
2021-02-01,5800,2,2021
2021-02-02,3169,2,2021
2021-02-03,6306,2,2021
2021-02-04,276,2,2021
2021-02-05,138,2,2021
2021-02-06,216,2,2021
2021-02-07,379,2,2021
2021-02-08,230,2,2021
2021-02-09,355,2,2021
2021-02-10,324,2,2021
2021-02-11,257,2,2021
2021-02-12,455,2,2021
2021-02-13,137,2,2021
2021-02-14,488,2,2021
2021-02-15,547,2,2021
2021-02-16,2446,2,2021
2021-02-17,4713,2,2021
2021-02-18,5157,2,2021
2021-02-19,3158,2,2021
2021-02-20,8163,2,2021
2021-02-21,2787,2,2021
2021-02-22,1758,2,2021
2021-02-23,7833,2,2021
2021-02-24,4942,2,2021
2021-02-25,9056,2,2021
2021-02-26,7986,2,2021
2021-02-27,8803,2,2021
2021-02-28,888,2,2021
2021-03-01,9638,3,2021
2021-03-02,9364,3,2021
2021-03-03,8933,3,2021
2021-03-04,9536,3,2021
2021-03-05,8887,3,2021
2021-03-06,9690,3,2021
2021-03-07,7481,3,2021
2021-03-08,9106,3,2021
2021-03-09,7416,3,2021
2021-03-10,832,3,2021
2021-03-11,6586,3,2021
2021-03-12,10123,3,2021
2021-03-13,9759,3,2021
2021-03-14,8204,3,2021
2021-03-15,2874,3,2021
2021-03-16,2106,3,2021
2021-03-17,1496,3,2021
2021-03-18,9677,3,2021
2021-03-19,10264,3,2021
2021-03-20,10224,3,2021
2021-03-21,8225,3,2021
2021-03-22,3514,3,2021
2021-03-23,2471,3,2021
2021-03-24,1124,3,2021
2021-03-25,1313,3,2021
2021-03-26,5943,3,2021
2021-03-27,1293,3,2021
2021-03-28,4398,3,2021
2021-03-29,8999,3,2021
2021-03-30,5121,3,2021
2021-03-31,4976,3,2021
2021-04-01,10656,4,2021
2021-04-02,10179,4,2021
2021-04-03,9576,4,2021
2021-04-04,8136,4,2021
2021-04-05,9013,4,2021
2021-04-06,6529,4,2021
2021-04-07,7555,4,2021
2021-04-08,2182,4,2021
2021-04-09,2536,4,2021
2021-04-10,1736,4,2021
2021-04-11,2786,4,2021
2021-04-12,4525,4,2021
2021-04-13,2825,4,2021
2021-04-14,4576,4,2021
2021-04-15,4335,4,2021
2021-04-16,10357,4,2021
2021-04-17,9819,4,2021
2021-04-18,8155,4,2021
2021-04-19,3743,4,2021
2021-04-20,5664,4,2021
2021-04-21,6252,4,2021
2021-04-22,10676,4,2021
2021-04-23,6984,4,2021
2021-04-24,4564,4,2021
2021-04-25,10859,4,2021
2021-04-26,4327,4,2021
2021-04-27,5934,4,2021
2021-04-28,5336,4,2021
2021-04-29,7295,4,2021
2021-04-30,9705,4,2021
2021-05-01,8498,5,2021
2021-05-02,7833,5,2021
2021-05-03,1461,5,2021
2021-05-04,5575,5,2021
2021-05-05,9131,5,2021
2021-05-06,7480,5,2021
2021-05-07,4443,5,2021
2021-05-08,9890,5,2021
2021-05-09,8309,5,2021
2021-05-10,7175,5,2021
2021-05-11,7966,5,2021
2021-05-12,10650,5,2021
2021-05-13,9367,5,2021
2021-05-14,7765,5,2021
2021-05-15,3383,5,2021
2021-05-16,8701,5,2021
2021-05-17,9976,5,2021
2021-05-18,8112,5,2021
2021-05-19,2336,5,2021
2021-05-20,5712,5,2021
2021-05-21,3737,5,2021
2021-05-22,8040,5,2021
2021-05-23,2405,5,2021
2021-05-24,5980,5,2021
2021-05-25,7098,5,2021
2021-05-26,9158,5,2021
2021-05-27,1885,5,2021
2021-05-28,6230,5,2021
2021-05-29,10866,5,2021
2021-05-30,7974,5,2021
2021-05-31,9031,5,2021
2021-06-01,10011,6,2021
2021-06-02,9720,6,2021
2021-06-03,7348,6,2021
2021-06-04,9274,6,2021
2021-06-05,9477,6,2021
2021-06-06,9029,6,2021
2021-06-07,8520,6,2021
2021-06-08,9281,6,2021
2021-06-09,7696,6,2021
2021-06-10,9349,6,2021
2021-06-11,8584,6,2021
2021-06-12,9131,6,2021
2021-06-13,9841,6,2021
2021-06-14,7831,6,2021
2021-06-15,9129,6,2021
2021-06-16,10173,6,2021
2021-06-17,7918,6,2021
2021-06-18,10208,6,2021
2021-06-19,7956,6,2021
2021-06-20,3656,6,2021
2021-06-21,7115,6,2021
2021-06-22,8422,6,2021
2021-06-23,5113,6,2021
2021-06-24,3872,6,2021
2021-06-25,6208,6,2021
2021-06-26,1289,6,2021
2021-06-27,3125,6,2021
2021-06-28,6882,6,2021
2021-06-29,3247,6,2021
2021-06-30,7707,6,2021
2021-07-01,9890,7,2021
2021-07-02,9732,7,2021
2021-07-03,8954,7,2021
2021-07-04,8609,7,2021
2021-07-05,8725,7,2021
2021-07-06,5699,7,2021
2021-07-07,1687,7,2021
2021-07-08,3044,7,2021
2021-07-09,7621,7,2021
2021-07-10,9443,7,2021
2021-07-11,9611,7,2021
2021-07-12,5863,7,2021
2021-07-13,6787,7,2021
2021-07-14,4532,7,2021
2021-07-15,7060,7,2021
2021-07-16,9901,7,2021
2021-07-17,9837,7,2021
2021-07-18,7385,7,2021
2021-07-19,8097,7,2021
2021-07-20,6123,7,2021
2021-07-21,7560,7,2021
2021-07-22,3780,7,2021
2021-07-23,7535,7,2021
2021-07-24,6345,7,2021
2021-07-25,9636,7,2021
2021-07-26,7250,7,2021
2021-07-27,7068,7,2021
2021-07-28,6149,7,2021
2021-07-29,7800,7,2021
2021-07-30,8483,7,2021
2021-07-31,5845,7,2021
2021-08-01,7652,8,2021
2021-08-02,8313,8,2021
2021-08-03,7393,8,2021
2021-08-04,8178,8,2021
2021-08-05,7132,8,2021
2021-08-06,5868,8,2021
2021-08-07,1538,8,2021
2021-08-08,4547,8,2021
2021-08-09,3890,8,2021
2021-08-10,7473,8,2021
2021-08-11,3321,8,2021
2021-08-12,6701,8,2021
2021-08-13,9503,8,2021
2021-08-14,9741,8,2021
2021-08-15,9495,8,2021
2021-08-16,9536,8,2021
2021-08-17,9310,8,2021
2021-08-18,8723,8,2021
2021-08-19,8271,8,2021
2021-08-20,8851,8,2021
2021-08-21,4229,8,2021
2021-08-22,9058,8,2021
2021-08-23,6879,8,2021
2021-08-24,2525,8,2021
2021-08-25,7047,8,2021
2021-08-26,7201,8,2021
2021-08-27,1747,8,2021
2021-08-28,6443,8,2021
2021-08-29,8434,8,2021
2021-08-30,9053,8,2021
2021-08-31,4806,8,2021
2021-09-01,9719,9,2021
2021-09-02,6850,9,2021
2021-09-03,1422,9,2021
2021-09-04,1708,9,2021
2021-09-05,8096,9,2021
2021-09-06,8292,9,2021
2021-09-07,4400,9,2021
2021-09-08,6203,9,2021
2021-09-09,7903,9,2021
2021-09-10,8178,9,2021
2021-09-11,6304,9,2021
2021-09-12,2182,9,2021
2021-09-13,5930,9,2021
2021-09-14,4172,9,2021
2021-09-15,8394,9,2021
2021-09-16,8768,9,2021
2021-09-17,6670,9,2021
2021-09-18,9209,9,2021
2021-09-19,8267,9,2021
2021-09-20,4110,9,2021
2021-09-21,5483,9,2021
2021-09-22,6963,9,2021
2021-09-23,7171,9,2021
2021-09-24,7771,9,2021
2021-09-25,8683,9,2021
2021-09-26,3751,9,2021
2021-09-27,8381,9,2021
2021-09-28,8233,9,2021
2021-09-29,7781,9,2021
2021-09-30,6864,9,2021
2021-10-01,6854,10,2021
2021-10-02,4008,10,2021
2021-10-03,828,10,2021
2021-10-04,1635,10,2021
2021-10-05,3149,10,2021
2021-10-06,6831,10,2021
2021-10-07,936,10,2021
2021-10-08,4782,10,2021
2021-10-09,2408,10,2021
2021-10-10,1751,10,2021
2021-10-11,1073,10,2021
2021-10-12,634,10,2021
2021-10-13,1117,10,2021
2021-10-14,5537,10,2021
2021-10-15,2962,10,2021
2021-10-16,5924,10,2021
2021-10-17,7004,10,2021
2021-10-18,6532,10,2021
2021-10-19,5976,10,2021
2021-10-20,2862,10,2021
2021-10-21,1445,10,2021
2021-10-22,2877,10,2021
2021-10-23,5858,10,2021
2021-10-24,3560,10,2021
2021-10-25,2104,10,2021
2021-10-26,6176,10,2021
2021-10-27,4854,10,2021
2021-10-28,760,10,2021
2021-10-29,716,10,2021
2021-10-30,2299,10,2021
2021-10-31,3622,10,2021
2021-11-01,2527,11,2021
2021-11-02,5537,11,2021
2021-11-03,2481,11,2021
2021-11-04,4958,11,2021
2021-11-05,5366,11,2021
2021-11-06,5414,11,2021
2021-11-07,3666,11,2021
2021-11-08,4992,11,2021
2021-11-09,2599,11,2021
2021-11-10,2992,11,2021
2021-11-11,351,11,2021
2021-11-12,1742,11,2021
2021-11-13,2554,11,2021
2021-11-14,1001,11,2021
2021-11-15,4688,11,2021
2021-11-16,3188,11,2021
2021-11-17,1648,11,2021
2021-11-18,806,11,2021
2021-11-19,3781,11,2021
2021-11-20,1949,11,2021
2021-11-21,1767,11,2021
2021-11-22,4310,11,2021
2021-11-23,4953,11,2021
2021-11-24,1428,11,2021
2021-11-25,717,11,2021
2021-11-26,3610,11,2021
2021-11-27,1135,11,2021
2021-11-28,4818,11,2021
2021-11-29,363,11,2021
2021-11-30,4267,11,2021
2021-12-01,1104,12,2021
2021-12-02,2943,12,2021
2021-12-03,281,12,2021
2021-12-04,2560,12,2021
2021-12-05,178,12,2021
2021-12-06,2879,12,2021
2021-12-07,1787,12,2021
2021-12-08,4464,12,2021
2021-12-09,360,12,2021
2021-12-10,642,12,2021
2021-12-11,2960,12,2021
2021-12-12,4555,12,2021
2021-12-13,4455,12,2021
2021-12-14,2063,12,2021
2021-12-15,266,12,2021
2021-12-16,975,12,2021
2021-12-17,3135,12,2021
2021-12-18,1028,12,2021
2021-12-19,2266,12,2021
2021-12-20,3233,12,2021
2021-12-21,418,12,2021
2021-12-22,3701,12,2021
2021-12-23,1115,12,2021
2021-12-24,204,12,2021
2021-12-25,3983,12,2021
2021-12-26,3524,12,2021
2021-12-27,552,12,2021
2021-12-28,479,12,2021
2021-12-29,4201,12,2021
2021-12-30,808,12,2021
2021-12-31,1210,12,2021
2022-01-01,1279,1,2022
2022-01-02,4804,1,2022
2022-01-03,3941,1,2022
2022-01-04,2490,1,2022
2022-01-05,1157,1,2022
2022-01-06,2539,1,2022
2022-01-07,4498,1,2022
2022-01-08,1941,1,2022
2022-01-09,5266,1,2022
2022-01-10,5350,1,2022
2022-01-11,5188,1,2022
2022-01-12,3636,1,2022
2022-01-13,1274,1,2022
2022-01-14,1772,1,2022
2022-01-15,5452,1,2022
2022-01-16,2111,1,2022
2022-01-17,1857,1,2022
2022-01-18,1427,1,2022
2022-01-19,5462,1,2022
2022-01-20,5648,1,2022
2022-01-21,5660,1,2022
2022-01-22,3419,1,2022
2022-01-23,4444,1,2022
2022-01-24,4512,1,2022
2022-01-25,6199,1,2022
2022-01-26,6334,1,2022
2022-01-27,1311,1,2022
2022-01-28,6179,1,2022
2022-01-29,1512,1,2022
2022-01-30,4684,1,2022
2022-01-31,5124,1,2022
2022-02-01,4682,2,2022
2022-02-02,1975,2,2022
2022-02-03,6623,2,2022
2022-02-04,1719,2,2022
2022-02-05,829,2,2022
2022-02-06,2604,2,2022
2022-02-07,6025,2,2022
2022-02-08,6119,2,2022
2022-02-09,1067,2,2022
2022-02-10,2363,2,2022
2022-02-11,896,2,2022
2022-02-12,7533,2,2022
2022-02-13,7743,2,2022
2022-02-14,4874,2,2022
2022-02-15,2271,2,2022
2022-02-16,1102,2,2022
2022-02-17,1884,2,2022
2022-02-18,3231,2,2022
2022-02-19,8851,2,2022
2022-02-20,8162,2,2022
2022-02-21,889,2,2022
2022-02-22,691,2,2022
2022-02-23,8112,2,2022
2022-02-24,2178,2,2022
2022-02-25,6439,2,2022
2022-02-26,9318,2,2022
2022-02-27,8336,2,2022
2022-02-28,6772,2,2022
2022-03-01,8102,3,2022
2022-03-02,1429,3,2022
2022-03-03,7834,3,2022
2022-03-04,7257,3,2022
2022-03-05,574,3,2022
2022-03-06,1517,3,2022
2022-03-07,1488,3,2022
2022-03-08,10165,3,2022
2022-03-09,7409,3,2022
2022-03-10,8761,3,2022
2022-03-11,8178,3,2022
2022-03-12,10505,3,2022
2022-03-13,8865,3,2022
2022-03-14,3014,3,2022
2022-03-15,6488,3,2022
2022-03-16,7622,3,2022
2022-03-17,6582,3,2022
2022-03-18,601,3,2022
2022-03-19,3444,3,2022
2022-03-20,9562,3,2022
2022-03-21,4577,3,2022
2022-03-22,765,3,2022
2022-03-23,740,3,2022
2022-03-24,961,3,2022
2022-03-25,2554,3,2022
2022-03-26,3490,3,2022
2022-03-27,10493,3,2022
2022-03-28,10354,3,2022
2022-03-29,2276,3,2022
2022-03-30,576,3,2022
2022-03-31,1776,3,2022
2022-04-01,9512,4,2022
2022-04-02,1371,4,2022
2022-04-03,5954,4,2022
2022-04-04,1493,4,2022
2022-04-05,2078,4,2022
2022-04-06,3976,4,2022
2022-04-07,2484,4,2022
2022-04-08,2461,4,2022
2022-04-09,8469,4,2022
2022-04-10,7751,4,2022
2022-04-11,9455,4,2022
2022-04-12,4032,4,2022
2022-04-13,2428,4,2022
2022-04-14,6012,4,2022
2022-04-15,7876,4,2022
2022-04-16,4672,4,2022
2022-04-17,8667,4,2022
2022-04-18,1168,4,2022
2022-04-19,8372,4,2022
2022-04-20,1906,4,2022
2022-04-21,10404,4,2022
2022-04-22,1756,4,2022
2022-04-23,6884,4,2022
2022-04-24,7792,4,2022
2022-04-25,2635,4,2022
2022-04-26,2803,4,2022
2022-04-27,10139,4,2022
2022-04-28,4477,4,2022
2022-04-29,7048,4,2022
2022-04-30,801,4,2022
2022-05-01,1433,5,2022
2022-05-02,2578,5,2022
2022-05-03,2159,5,2022
2022-05-04,10029,5,2022
2022-05-05,7221,5,2022
2022-05-06,7067,5,2022
2022-05-07,10229,5,2022
2022-05-08,3949,5,2022
2022-05-09,9215,5,2022
2022-05-10,7863,5,2022
2022-05-11,5702,5,2022
2022-05-12,8226,5,2022
2022-05-13,9381,5,2022
2022-05-14,9496,5,2022
2022-05-15,8961,5,2022
2022-05-16,9595,5,2022
2022-05-17,9330,5,2022
2022-05-18,7447,5,2022
2022-05-19,6917,5,2022
2022-05-20,1526,5,2022
2022-05-21,7234,5,2022
2022-05-22,6808,5,2022
2022-05-23,6001,5,2022
2022-05-24,7543,5,2022
2022-05-25,1326,5,2022
2022-05-26,4315,5,2022
2022-05-27,6601,5,2022
2022-05-28,4087,5,2022
2022-05-29,5106,5,2022
2022-05-30,8985,5,2022
2022-05-31,7263,5,2022
2022-06-01,9840,6,2022
2022-06-02,9808,6,2022
2022-06-03,10911,6,2022
2022-06-04,8316,6,2022
2022-06-05,1763,6,2022
2022-06-06,2674,6,2022
2022-06-07,7246,6,2022
2022-06-08,2342,6,2022
2022-06-09,9441,6,2022
2022-06-10,9279,6,2022
2022-06-11,2776,6,2022
2022-06-12,10131,6,2022
2022-06-13,3136,6,2022
2022-06-14,8496,6,2022
2022-06-15,7732,6,2022
2022-06-16,9895,6,2022
2022-06-17,10375,6,2022
2022-06-18,10304,6,2022
2022-06-19,8996,6,2022
2022-06-20,9588,6,2022
2022-06-21,9006,6,2022
2022-06-22,10281,6,2022
2022-06-23,9828,6,2022
2022-06-24,9093,6,2022
2022-06-25,2450,6,2022
2022-06-26,9940,6,2022
2022-06-27,10626,6,2022
2022-06-28,6610,6,2022
2022-06-29,7225,6,2022
2022-06-30,3336,6,2022
2022-07-01,7495,7,2022
2022-07-02,7764,7,2022
2022-07-03,9081,7,2022
2022-07-04,3201,7,2022
2022-07-05,7823,7,2022
2022-07-06,6228,7,2022
2022-07-07,6683,7,2022
2022-07-08,5300,7,2022
2022-07-09,9979,7,2022
2022-07-10,8493,7,2022
2022-07-11,5974,7,2022
2022-07-12,8774,7,2022
2022-07-13,6502,7,2022
2022-07-14,8662,7,2022
2022-07-15,1731,7,2022
2022-07-16,7870,7,2022
2022-07-17,7896,7,2022
2022-07-18,8824,7,2022
2022-07-19,6434,7,2022
2022-07-20,6306,7,2022
2022-07-21,8541,7,2022
2022-07-22,9198,7,2022
2022-07-23,6573,7,2022
2022-07-24,7581,7,2022
2022-07-25,9403,7,2022
2022-07-26,9397,7,2022
2022-07-27,9107,7,2022
2022-07-28,8822,7,2022
2022-07-29,8848,7,2022
2022-07-30,8089,7,2022
2022-07-31,8710,7,2022
2022-08-01,7032,8,2022
2022-08-02,8926,8,2022
2022-08-03,3177,8,2022
2022-08-04,9947,8,2022
2022-08-05,8735,8,2022
2022-08-06,6106,8,2022
2022-08-07,1247,8,2022
2022-08-08,4780,8,2022
2022-08-09,8940,8,2022
2022-08-10,9287,8,2022
2022-08-11,9201,8,2022
2022-08-12,5590,8,2022
2022-08-13,1046,8,2022
2022-08-14,3914,8,2022
2022-08-15,8062,8,2022
2022-08-16,7433,8,2022
2022-08-17,7295,8,2022
2022-08-18,7345,8,2022
2022-08-19,5348,8,2022
2022-08-20,4409,8,2022
2022-08-21,3642,8,2022
2022-08-22,9179,8,2022
2022-08-23,8894,8,2022
2022-08-24,8695,8,2022
2022-08-25,3702,8,2022
2022-08-26,9100,8,2022
2022-08-27,3093,8,2022
2022-08-28,3888,8,2022
2022-08-29,7633,8,2022
2022-08-30,9715,8,2022
2022-08-31,9443,8,2022
2022-09-01,8662,9,2022
2022-09-02,3487,9,2022
2022-09-03,6347,9,2022
2022-09-04,7619,9,2022
2022-09-05,8019,9,2022
2022-09-06,4639,9,2022
2022-09-07,7399,9,2022
2022-09-08,7208,9,2022
2022-09-09,7810,9,2022
2022-09-10,608,9,2022
2022-09-11,541,9,2022
2022-09-12,732,9,2022
2022-09-13,7971,9,2022
2022-09-14,6811,9,2022
2022-09-15,6901,9,2022
2022-09-16,7168,9,2022
2022-09-17,5234,9,2022
2022-09-18,2789,9,2022
2022-09-19,8415,9,2022
2022-09-20,4350,9,2022
2022-09-21,7826,9,2022
2022-09-22,7425,9,2022
2022-09-23,4008,9,2022
2022-09-24,1132,9,2022
2022-09-25,3370,9,2022
2022-09-26,4127,9,2022
2022-09-27,3070,9,2022
2022-09-28,8888,9,2022
2022-09-29,7873,9,2022
2022-09-30,8103,9,2022
2022-10-01,7881,10,2022
2022-10-02,3098,10,2022
2022-10-03,7377,10,2022
2022-10-04,6904,10,2022
2022-10-05,5543,10,2022
2022-10-06,2820,10,2022
2022-10-07,3806,10,2022
2022-10-08,7749,10,2022
2022-10-09,4598,10,2022
2022-10-10,7157,10,2022
2022-10-11,5678,10,2022
2022-10-12,2291,10,2022
2022-10-13,966,10,2022
2022-10-14,904,10,2022
2022-10-15,1680,10,2022
2022-10-16,1286,10,2022
2022-10-17,2413,10,2022
2022-10-18,4576,10,2022
2022-10-19,4886,10,2022
2022-10-20,5311,10,2022
2022-10-21,5748,10,2022
2022-10-22,5929,10,2022
2022-10-23,5430,10,2022
2022-10-24,2209,10,2022
2022-10-25,731,10,2022
2022-10-26,4924,10,2022
2022-10-27,6081,10,2022
2022-10-28,5849,10,2022
2022-10-29,6047,10,2022
2022-10-30,3354,10,2022
2022-10-31,5535,10,2022
2022-11-01,5795,11,2022
2022-11-02,5780,11,2022
2022-11-03,4776,11,2022
2022-11-04,397,11,2022
2022-11-05,568,11,2022
2022-11-06,2622,11,2022
2022-11-07,5929,11,2022
2022-11-08,4258,11,2022
2022-11-09,2995,11,2022
2022-11-10,2367,11,2022
2022-11-11,1985,11,2022
2022-11-12,3018,11,2022
2022-11-13,2725,11,2022
2022-11-14,2112,11,2022
2022-11-15,535,11,2022
2022-11-16,2821,11,2022
2022-11-17,694,11,2022
2022-11-18,3276,11,2022
2022-11-19,2956,11,2022
2022-11-20,4562,11,2022
2022-11-21,5385,11,2022
2022-11-22,2900,11,2022
2022-11-23,4865,11,2022
2022-11-24,2421,11,2022
2022-11-25,4902,11,2022
2022-11-26,4781,11,2022
2022-11-27,1052,11,2022
2022-11-28,4188,11,2022
2022-11-29,124,11,2022
2022-11-30,1257,11,2022
2022-12-01,2760,12,2022
2022-12-02,1631,12,2022
2022-12-03,4829,12,2022
2022-12-04,4616,12,2022
2022-12-05,1704,12,2022
2022-12-06,1088,12,2022
2022-12-07,383,12,2022
2022-12-08,4215,12,2022
2022-12-09,330,12,2022
2022-12-10,396,12,2022
2022-12-11,459,12,2022
2022-12-12,451,12,2022
2022-12-13,206,12,2022
2022-12-14,119,12,2022
2022-12-15,356,12,2022
2022-12-16,1107,12,2022
2022-12-17,226,12,2022
2022-12-18,725,12,2022
2022-12-19,1872,12,2022
2022-12-20,2597,12,2022
2022-12-21,1775,12,2022
2022-12-22,207,12,2022
2022-12-23,1596,12,2022
2022-12-24,3456,12,2022
2022-12-25,2814,12,2022
2022-12-26,3268,12,2022
2022-12-27,1250,12,2022
2022-12-28,1335,12,2022
2022-12-29,646,12,2022
2022-12-30,437,12,2022
2022-12-31,1478,12,2022
2023-01-01,2774,1,2023
2023-01-02,452,1,2023
2023-01-03,235,1,2023
2023-01-04,181,1,2023
2023-01-05,450,1,2023
2023-01-06,365,1,2023
2023-01-07,623,1,2023
2023-01-08,1062,1,2023
2023-01-09,4644,1,2023
2023-01-10,521,1,2023
2023-01-11,933,1,2023
2023-01-12,865,1,2023
2023-01-13,550,1,2023
2023-01-14,1601,1,2023
2023-01-15,3383,1,2023
2023-01-16,214,1,2023
2023-01-17,251,1,2023
2023-01-18,800,1,2023
2023-01-19,553,1,2023
2023-01-20,776,1,2023
2023-01-21,564,1,2023
2023-01-22,503,1,2023
2023-01-23,3105,1,2023
2023-01-24,3733,1,2023
2023-01-25,1118,1,2023
2023-01-26,790,1,2023
2023-01-27,398,1,2023
2023-01-28,1526,1,2023
2023-01-29,3307,1,2023
2023-01-30,5285,1,2023
2023-01-31,6354,1,2023
2023-02-01,6458,2,2023
2023-02-02,5644,2,2023
2023-02-03,6618,2,2023
2023-02-04,5896,2,2023
2023-02-05,5192,2,2023
2023-02-06,6274,2,2023
2023-02-07,2319,2,2023
2023-02-08,6874,2,2023
2023-02-09,384,2,2023
2023-02-10,7697,2,2023
2023-02-11,7525,2,2023
2023-02-12,7455,2,2023
2023-02-13,7461,2,2023
2023-02-14,2009,2,2023
2023-02-15,602,2,2023
2023-02-16,663,2,2023
2023-02-17,8170,2,2023
2023-02-18,7248,2,2023
2023-02-19,7539,2,2023
2023-02-20,3787,2,2023
2023-02-21,6787,2,2023
2023-02-22,228,2,2023
2023-02-23,1283,2,2023
2023-02-24,8042,2,2023
2023-02-25,5586,2,2023
2023-02-26,9198,2,2023
2023-02-27,454,2,2023
2023-02-28,8743,2,2023
2023-03-01,1600,3,2023
2023-03-02,8662,3,2023
2023-03-03,2585,3,2023
2023-03-04,3232,3,2023
2023-03-05,8260,3,2023
2023-03-06,327,3,2023
2023-03-07,8891,3,2023
2023-03-08,8561,3,2023
2023-03-09,1524,3,2023
2023-03-10,2519,3,2023
2023-03-11,2411,3,2023
2023-03-12,1263,3,2023
2023-03-13,3826,3,2023
2023-03-14,9648,3,2023
2023-03-15,7425,3,2023
2023-03-16,878,3,2023
2023-03-17,6770,3,2023
2023-03-18,7013,3,2023
2023-03-19,10623,3,2023
2023-03-20,7291,3,2023
2023-03-21,6320,3,2023
2023-03-22,1376,3,2023
2023-03-23,8185,3,2023
2023-03-24,9022,3,2023
2023-03-25,848,3,2023
2023-03-26,7628,3,2023
2023-03-27,10034,3,2023
2023-03-28,10300,3,2023
2023-03-29,10600,3,2023
2023-03-30,6496,3,2023
2023-03-31,1054,3,2023
2023-04-01,5024,4,2023
2023-04-02,3181,4,2023
2023-04-03,8365,4,2023
2023-04-04,1147,4,2023
2023-04-05,3286,4,2023
2023-04-06,10323,4,2023
2023-04-07,7820,4,2023
2023-04-08,5822,4,2023
2023-04-09,7711,4,2023
2023-04-10,8226,4,2023
2023-04-11,7417,4,2023
2023-04-12,8701,4,2023
2023-04-13,8724,4,2023
2023-04-14,8079,4,2023
2023-04-15,6188,4,2023
2023-04-16,1691,4,2023
2023-04-17,2537,4,2023
2023-04-18,10934,4,2023
2023-04-19,1312,4,2023
2023-04-20,4637,4,2023
2023-04-21,6770,4,2023
2023-04-22,5793,4,2023
2023-04-23,2480,4,2023
2023-04-24,5400,4,2023
2023-04-25,6642,4,2023
2023-04-26,7941,4,2023
2023-04-27,6183,4,2023
2023-04-28,7884,4,2023
2023-04-29,1680,4,2023
2023-04-30,2537,4,2023
2023-05-01,2307,5,2023
2023-05-02,3617,5,2023
2023-05-03,9778,5,2023
2023-05-04,7992,5,2023
2023-05-05,3150,5,2023
2023-05-06,1742,5,2023
2023-05-07,7569,5,2023
2023-05-08,1420,5,2023
2023-05-09,9402,5,2023
2023-05-10,9640,5,2023
2023-05-11,9639,5,2023
2023-05-12,1763,5,2023
2023-05-13,4628,5,2023
2023-05-14,2431,5,2023
2023-05-15,10244,5,2023
2023-05-16,7412,5,2023
2023-05-17,9044,5,2023
2023-05-18,7060,5,2023
2023-05-19,6266,5,2023
2023-05-20,10274,5,2023
2023-05-21,6108,5,2023
2023-05-22,8908,5,2023
2023-05-23,8967,5,2023
2023-05-24,7674,5,2023
2023-05-25,10684,5,2023
2023-05-26,10161,5,2023
2023-05-27,10081,5,2023
2023-05-28,9979,5,2023
2023-05-29,9529,5,2023
2023-05-30,8959,5,2023
2023-05-31,6163,5,2023
2023-06-01,9080,6,2023
2023-06-02,8514,6,2023
2023-06-03,8749,6,2023
2023-06-04,8280,6,2023
2023-06-05,7202,6,2023
2023-06-06,7400,6,2023
2023-06-07,9909,6,2023
2023-06-08,10198,6,2023
2023-06-09,9845,6,2023
2023-06-10,4534,6,2023
2023-06-11,2895,6,2023
2023-06-12,6697,6,2023
2023-06-13,830,6,2023
2023-06-14,7064,6,2023
2023-06-15,3905,6,2023
2023-06-16,7435,6,2023
2023-06-17,9087,6,2023
2023-06-18,8303,6,2023
2023-06-19,8935,6,2023
2023-06-20,9629,6,2023
2023-06-21,9332,6,2023
2023-06-22,8986,6,2023
2023-06-23,8984,6,2023
2023-06-24,8579,6,2023
2023-06-25,6060,6,2023
2023-06-26,3273,6,2023
2023-06-27,8429,6,2023
2023-06-28,7153,6,2023
2023-06-29,8954,6,2023
2023-06-30,9339,6,2023
2023-07-01,7501,7,2023
2023-07-02,9497,7,2023
2023-07-03,9483,7,2023
2023-07-04,8164,7,2023
2023-07-05,4709,7,2023
2023-07-06,7377,7,2023
2023-07-07,8651,7,2023
2023-07-08,7904,7,2023
2023-07-09,8562,7,2023
2023-07-10,9408,7,2023
2023-07-11,9631,7,2023
2023-07-12,3155,7,2023
2023-07-13,6207,7,2023
2023-07-14,8149,7,2023
2023-07-15,7498,7,2023
2023-07-16,8825,7,2023
2023-07-17,7090,7,2023
2023-07-18,8066,7,2023
2023-07-19,6774,7,2023
2023-07-20,8063,7,2023
2023-07-21,7921,7,2023
2023-07-22,7935,7,2023
2023-07-23,8422,7,2023
2023-07-24,6965,7,2023
2023-07-25,7649,7,2023
2023-07-26,4781,7,2023
2023-07-27,8223,7,2023
2023-07-28,8205,7,2023
2023-07-29,9303,7,2023
2023-07-30,8370,7,2023
2023-07-31,8350,7,2023
2023-08-01,7141,8,2023
2023-08-02,8529,8,2023
2023-08-03,8430,8,2023
2023-08-04,9126,8,2023
2023-08-05,7126,8,2023
2023-08-06,8182,8,2023
2023-08-07,8881,8,2023
2023-08-08,6939,8,2023
2023-08-09,7328,8,2023
2023-08-10,9263,8,2023
2023-08-11,6099,8,2023
2023-08-12,6501,8,2023
2023-08-13,3746,8,2023
2023-08-14,918,8,2023
2023-08-15,9744,8,2023
2023-08-16,9277,8,2023
2023-08-17,7310,8,2023
2023-08-18,8622,8,2023
2023-08-19,8814,8,2023
2023-08-20,8087,8,2023
2023-08-21,5837,8,2023
2023-08-22,7028,8,2023
2023-08-23,8407,8,2023
2023-08-24,2599,8,2023
2023-08-25,6131,8,2023
2023-08-26,3771,8,2023
2023-08-27,7293,8,2023
2023-08-28,7765,8,2023
2023-08-29,6363,8,2023
2023-08-30,10084,8,2023
2023-08-31,9635,8,2023
2023-09-01,9163,9,2023
2023-09-02,3208,9,2023
2023-09-03,7958,9,2023
2023-09-04,8903,9,2023
2023-09-05,5327,9,2023
2023-09-06,2558,9,2023
2023-09-07,2727,9,2023
2023-09-08,6631,9,2023
2023-09-09,8768,9,2023
2023-09-10,2268,9,2023
2023-09-11,2179,9,2023
2023-09-12,8096,9,2023
2023-09-13,5593,9,2023
2023-09-14,8918,9,2023
2023-09-15,6300,9,2023
2023-09-16,5198,9,2023
2023-09-17,7186,9,2023
2023-09-18,5236,9,2023
2023-09-19,3167,9,2023
2023-09-20,6805,9,2023
2023-09-21,5553,9,2023
2023-09-22,6080,9,2023
2023-09-23,2276,9,2023
2023-09-24,4051,9,2023
2023-09-25,1362,9,2023
2023-09-26,456,9,2023
2023-09-27,193,9,2023
2023-09-28,550,9,2023
2023-09-29,1858,9,2023
2023-09-30,1856,9,2023
2023-10-01,2982,10,2023
2023-10-02,3234,10,2023
2023-10-03,2752,10,2023
2023-10-04,1625,10,2023
2023-10-05,2251,10,2023
2023-10-06,1584,10,2023
2023-10-07,1920,10,2023
2023-10-08,2217,10,2023
2023-10-09,2842,10,2023
2023-10-10,595,10,2023
2023-10-11,1385,10,2023
2023-10-12,1051,10,2023
2023-10-13,44,10,2023
2023-10-14,466,10,2023
2023-10-15,933,10,2023
2023-10-16,1767,10,2023
2023-10-17,2075,10,2023
2023-10-18,2084,10,2023
2023-10-19,1180,10,2023
2023-10-20,1324,10,2023
2023-10-21,106,10,2023
2023-10-22,1503,10,2023
2023-10-23,424,10,2023
2023-10-24,280,10,2023
2023-10-25,160,10,2023
2023-10-26,71,10,2023
2023-10-27,218,10,2023
2023-10-28,476,10,2023
2023-10-29,336,10,2023
2023-10-30,1558,10,2023
2023-10-31,450,10,2023
2023-11-01,1564,11,2023
2023-11-02,1228,11,2023
2023-11-03,228,11,2023
2023-11-04,1310,11,2023
2023-11-05,533,11,2023
2023-11-06,1333,11,2023
2023-11-07,2366,11,2023
2023-11-08,1060,11,2023
2023-11-09,2482,11,2023
2023-11-10,1500,11,2023
2023-11-11,1740,11,2023
2023-11-12,1935,11,2023
2023-11-13,2447,11,2023
2023-11-14,2354,11,2023
2023-11-15,2370,11,2023
2023-11-16,2268,11,2023
2023-11-17,2433,11,2023
2023-11-18,2425,11,2023
2023-11-19,2401,11,2023
2023-11-20,920,11,2023
2023-11-21,553,11,2023
2023-11-22,1357,11,2023
2023-11-23,1403,11,2023
2023-11-24,2854,11,2023
2023-11-25,1392,11,2023
2023-11-26,188,11,2023
2023-11-27,971,11,2023
2023-11-28,1138,11,2023
2023-11-29,1482,11,2023
2023-11-30,1410,11,2023
2023-12-01,580,12,2023
2023-12-02,1082,12,2023
2023-12-03,659,12,2023
2023-12-04,977,12,2023
2023-12-05,784,12,2023
2023-12-06,813,12,2023
2023-12-07,1239,12,2023
2023-12-08,1032,12,2023
2023-12-09,420,12,2023
2023-12-10,127,12,2023
2023-12-11,165,12,2023
2023-12-12,1717,12,2023
2023-12-13,1635,12,2023
2023-12-14,2246,12,2023
2023-12-15,1636,12,2023
2023-12-16,581,12,2023
2023-12-17,123,12,2023
2023-12-18,576,12,2023
2023-12-19,929,12,2023
2023-12-20,1092,12,2023
2023-12-21,696,12,2023
2023-12-22,121,12,2023
2023-12-23,196,12,2023
2023-12-24,510,12,2023
2023-12-25,911,12,2023
2023-12-26,997,12,2023
2023-12-27,1875,12,2023
2023-12-28,537,12,2023
2023-12-29,1492,12,2023
2023-12-30,963,12,2023
2023-12-31,83,12,2023
2024-01-01,390,1,2024
2024-01-02,341,1,2024
