Date/Time,Energy Produced (Wh)
07/28/2013,"2,376"
07/29/2013,"2,571"
07/30/2013,"2,084"
07/31/2013,"2,091"
08/01/2013,"3,687"
08/02/2013,"3,083"
08/03/2013,"3,354"
08/04/2013,"2,879"
08/05/2013,"1,352"
08/06/2013,"2,570"
08/07/2013,0
08/08/2013,"2,149"
08/09/2013,"2,818"
08/10/2013,0
08/11/2013,123
08/12/2013,"3,723"
08/13/2013,"3,936"
08/14/2013,"3,978"
08/15/2013,"4,252"
08/16/2013,"3,530"
08/17/2013,"4,643"
08/18/2013,"4,625"
08/19/2013,"6,392"
08/20/2013,"6,912"
08/21/2013,"6,343"
08/22/2013,"2,927"
08/23/2013,"7,996"
08/24/2013,"7,368"
08/25/2013,"6,999"
08/26/2013,753
08/27/2013,103
08/28/2013,"3,011"
08/29/2013,"4,251"
08/30/2013,"3,050"
08/31/2013,"3,144"
09/01/2013,"2,900"
09/02/2013,"5,645"
09/03/2013,"9,840"
09/04/2013,"7,532"
09/05/2013,"9,550"
09/06/2013,"8,497"
09/07/2013,"6,311"
09/08/2013,"7,900"
09/09/2013,"6,384"
09/10/2013,"8,337"
09/11/2013,"6,614"
09/12/2013,"6,916"
09/13/2013,"9,862"
09/14/2013,"8,518"
09/15/2013,"2,396"
09/16/2013,"8,907"
09/17/2013,"7,627"
09/18/2013,"5,281"
09/19/2013,"5,967"
09/20/2013,"3,911"
09/21/2013,"3,923"
09/22/2013,"9,618"
09/23/2013,"8,872"
09/24/2013,"8,058"
09/25/2013,"6,588"
09/26/2013,"8,802"
09/27/2013,"8,663"
09/28/2013,"6,970"
09/29/2013,"8,883"
09/30/2013,"7,702"
10/01/2013,"8,399"
10/02/2013,26
10/03/2013,0
10/04/2013,0
10/05/2013,0
10/06/2013,0
10/07/2013,0
10/08/2013,"5,161"
10/09/2013,"7,108"
10/10/2013,"6,832"
10/11/2013,"6,176"
10/12/2013,"2,639"
10/13/2013,"6,811"
10/14/2013,"6,019"
10/15/2013,325
10/16/2013,"1,005"
10/17/2013,"3,441"
10/18/2013,"1,356"
10/19/2013,"5,686"
10/20/2013,"1,958"
10/21/2013,"1,789"
10/22/2013,"4,402"
10/23/2013,"3,946"
10/24/2013,"3,434"
10/25/2013,"3,710"
10/26/2013,"4,015"
10/27/2013,"6,160"
10/28/2013,"4,980"
10/29/2013,"1,047"
10/30/2013,"1,034"
10/31/2013,438
11/01/2013,550
11/02/2013,"2,065"
11/03/2013,"5,788"
11/04/2013,"1,603"
11/05/2013,"2,435"
11/06/2013,957
11/07/2013,"4,378"
11/08/2013,"3,879"
11/09/2013,724
11/10/2013,"6,324"
11/11/2013,"1,322"
11/12/2013,"6,432"
11/13/2013,"5,537"
11/14/2013,"4,669"
11/15/2013,"5,458"
11/16/2013,206
11/17/2013,270
11/18/2013,"1,068"
11/19/2013,"5,302"
11/20/2013,"2,129"
11/21/2013,447
11/22/2013,"5,281"
11/23/2013,"5,292"
11/24/2013,"4,290"
11/25/2013,"1,282"
11/26/2013,"2,444"
11/27/2013,"4,396"
11/28/2013,259
11/29/2013,"3,529"
11/30/2013,"2,869"
12/01/2013,"3,122"
12/02/2013,"2,197"
12/03/2013,141
12/04/2013,142
12/05/2013,"5,035"
12/06/2013,"5,167"
12/07/2013,"5,073"
12/08/2013,"1,136"
12/09/2013,"3,544"
12/10/2013,"3,149"
12/11/2013,"5,234"
12/12/2013,"4,947"
12/13/2013,"1,213"
12/14/2013,577
12/15/2013,"4,928"
12/16/2013,"2,480"
12/17/2013,"3,280"
12/18/2013,"3,039"
12/19/2013,"1,129"
12/20/2013,256
12/21/2013,185
12/22/2013,286
12/23/2013,246
12/24/2013,629
12/25/2013,98
12/26/2013,212
12/27/2013,626
12/28/2013,"3,895"
12/29/2013,"2,281"
12/30/2013,"2,900"
12/31/2013,"3,339"
01/01/2014,"2,854"
01/02/2014,"4,985"
01/03/2014,"2,076"
01/04/2014,543
01/05/2014,"1,262"
01/06/2014,"4,728"
01/07/2014,"5,161"
01/08/2014,"5,572"
01/09/2014,"4,953"
01/10/2014,584
01/11/2014,395
01/12/2014,"2,516"
01/13/2014,"1,735"
01/14/2014,84
01/15/2014,730
01/16/2014,221
01/17/2014,945
01/18/2014,"1,585"
01/19/2014,"1,349"
01/20/2014,"1,980"
01/21/2014,"6,181"
01/22/2014,385
01/23/2014,"5,282"
01/24/2014,"1,115"
01/25/2014,"5,695"
01/26/2014,"1,043"
01/27/2014,"6,914"
01/28/2014,"7,033"
01/29/2014,"6,905"
01/30/2014,437
01/31/2014,"2,485"
02/01/2014,874
02/02/2014,"6,179"
02/03/2014,"7,277"
02/04/2014,"3,155"
02/05/2014,"3,260"
02/06/2014,"8,120"
02/07/2014,"8,256"
02/08/2014,"4,776"
02/09/2014,"5,702"
02/10/2014,"8,510"
02/11/2014,"8,445"
02/12/2014,"2,262"
02/13/2014,735
02/14/2014,"7,789"
02/15/2014,"7,644"
02/16/2014,"7,927"
02/17/2014,826
02/18/2014,"3,880"
02/19/2014,"8,996"
02/20/2014,830
02/21/2014,"3,607"
02/22/2014,"9,437"
02/23/2014,"9,659"
02/24/2014,"9,581"
02/25/2014,"9,651"
02/26/2014,"7,483"
02/27/2014,"10,154"
02/28/2014,"3,497"
03/01/2014,"2,214"
03/02/2014,"10,357"
03/03/2014,"9,454"
03/04/2014,"1,577"
03/05/2014,"8,713"
03/06/2014,"9,374"
03/07/2014,"3,911"
03/08/2014,"9,273"
03/09/2014,"4,606"
03/10/2014,"9,502"
03/11/2014,"2,503"
03/12/2014,"9,817"
03/13/2014,"5,738"
03/14/2014,"5,049"
03/15/2014,"6,493"
03/16/2014,"10,635"
03/17/2014,"3,882"
03/18/2014,"5,965"
03/19/2014,"1,803"
03/20/2014,"6,945"
03/21/2014,"5,735"
03/22/2014,"7,930"
03/23/2014,"9,631"
03/24/2014,"9,160"
03/25/2014,"8,827"
03/26/2014,"7,896"
03/27/2014,704
03/28/2014,"7,539"
03/29/2014,"9,964"
03/30/2014,"9,762"
03/31/2014,"4,182"
04/01/2014,"3,047"
04/02/2014,"10,174"
04/03/2014,"1,449"
04/04/2014,988
04/05/2014,"10,448"
04/06/2014,"8,858"
04/07/2014,"6,131"
04/08/2014,"5,796"
04/09/2014,"9,142"
04/10/2014,"6,720"
04/11/2014,"5,014"
04/12/2014,247
04/13/2014,"1,892"
04/14/2014,"1,906"
04/15/2014,"6,486"
04/16/2014,"5,206"
04/17/2014,"4,008"
04/18/2014,"9,836"
04/19/2014,"9,132"
04/20/2014,"1,615"
04/21/2014,"4,372"
04/22/2014,"10,392"
04/23/2014,"7,549"
04/24/2014,"1,063"
04/25/2014,"7,813"
04/26/2014,"4,923"
04/27/2014,"3,059"
04/28/2014,"1,555"
04/29/2014,"1,400"
04/30/2014,"3,289"
05/01/2014,"3,385"
05/02/2014,"2,883"
05/03/2014,"8,646"
05/04/2014,"10,992"
05/05/2014,"7,313"
05/06/2014,"9,695"
05/07/2014,"1,901"
05/08/2014,"5,206"
05/09/2014,"6,709"
05/10/2014,"10,759"
05/11/2014,"6,638"
05/12/2014,"3,350"
05/13/2014,"3,437"
05/14/2014,"6,827"
05/15/2014,"6,038"
05/16/2014,"7,269"
05/17/2014,"7,766"
05/18/2014,"9,106"
05/19/2014,"5,307"
05/20/2014,"7,813"
05/21/2014,"10,205"
05/22/2014,"7,154"
05/23/2014,"10,410"
05/24/2014,"10,041"
05/25/2014,"9,960"
05/26/2014,"6,134"
05/27/2014,"1,991"
05/28/2014,"3,447"
05/29/2014,"10,222"
05/30/2014,"9,801"
05/31/2014,"9,437"
06/01/2014,"4,251"
06/02/2014,"4,639"
06/03/2014,"9,355"
06/04/2014,"8,156"
06/05/2014,"8,900"
06/06/2014,"7,669"
06/07/2014,"7,443"
06/08/2014,"10,285"
06/09/2014,"7,148"
06/10/2014,"5,465"
06/11/2014,"3,774"
06/12/2014,"6,945"
06/13/2014,"10,712"
06/14/2014,"8,527"
06/15/2014,"6,150"
06/16/2014,"9,321"
06/17/2014,"8,342"
06/18/2014,"3,862"
06/19/2014,"7,473"
06/20/2014,"3,097"
06/21/2014,"2,809"
06/22/2014,"4,304"
06/23/2014,"7,055"
06/24/2014,"7,456"
06/25/2014,"5,151"
06/26/2014,"6,729"
06/27/2014,"4,891"
06/28/2014,"7,081"
06/29/2014,"8,215"
06/30/2014,"4,178"
07/01/2014,"6,731"
07/02/2014,"3,513"
07/03/2014,"8,187"
07/04/2014,"9,950"
07/05/2014,"9,027"
07/06/2014,"2,932"
07/07/2014,"4,708"
07/08/2014,"7,089"
07/09/2014,"7,895"
07/10/2014,"9,828"
07/11/2014,"8,081"
07/12/2014,"3,658"
07/13/2014,"9,365"
07/14/2014,"7,628"
07/15/2014,"5,148"
07/16/2014,"8,072"
07/17/2014,"9,025"
07/18/2014,"8,488"
07/19/2014,"4,423"
07/20/2014,"7,706"
07/21/2014,"7,959"
07/22/2014,"7,107"
07/23/2014,"9,134"
07/24/2014,"9,401"
07/25/2014,"3,945"
07/26/2014,"5,478"
07/27/2014,"6,563"
07/28/2014,"6,876"
07/29/2014,"8,143"
07/30/2014,"9,150"
07/31/2014,"7,298"
08/01/2014,"5,974"
08/02/2014,"9,210"
08/03/2014,"3,573"
08/04/2014,"4,220"
08/05/2014,"7,216"
08/06/2014,"8,608"
08/07/2014,"9,355"
08/08/2014,"8,501"
08/09/2014,"6,527"
08/10/2014,"8,235"
08/11/2014,"5,401"
08/12/2014,"3,533"
08/13/2014,"8,458"
08/14/2014,"9,861"
08/15/2014,"9,502"
08/16/2014,"5,679"
08/17/2014,"5,659"
08/18/2014,"3,063"
08/19/2014,"5,070"
08/20/2014,"6,713"
08/21/2014,"2,555"
08/22/2014,"6,045"
08/23/2014,"2,364"
08/24/2014,"5,939"
08/25/2014,"4,892"
08/26/2014,"8,170"
08/27/2014,"7,721"
08/28/2014,"3,982"
08/29/2014,"6,732"
08/30/2014,"4,793"
08/31/2014,"5,933"
09/01/2014,"2,418"
09/02/2014,"7,225"
09/03/2014,"8,824"
09/04/2014,"2,588"
09/05/2014,"4,844"
09/06/2014,"9,277"
09/07/2014,"8,298"
09/08/2014,"6,436"
09/09/2014,"8,113"
09/10/2014,987
09/11/2014,"1,907"
09/12/2014,"1,411"
09/13/2014,"7,580"
09/14/2014,"7,729"
09/15/2014,"2,850"
09/16/2014,"9,675"
09/17/2014,"8,184"
09/18/2014,"5,549"
09/19/2014,"7,424"
09/20/2014,"3,774"
09/21/2014,"3,968"
09/22/2014,"8,478"
09/23/2014,"9,034"
09/24/2014,"4,797"
09/25/2014,"8,561"
09/26/2014,"5,621"
09/27/2014,"4,819"
09/28/2014,"7,117"
09/29/2014,"2,112"
09/30/2014,"1,524"
10/01/2014,"4,785"
10/02/2014,"1,509"
10/03/2014,"2,062"
10/04/2014,"1,491"
10/05/2014,"5,235"
10/06/2014,"7,432"
10/07/2014,"7,415"
10/08/2014,"7,285"
10/09/2014,"8,006"
10/10/2014,"7,735"
10/11/2014,"7,579"
10/12/2014,"6,678"
10/13/2014,"1,589"
10/14/2014,590
10/15/2014,860
10/16/2014,"2,099"
10/17/2014,662
10/18/2014,"5,612"
10/19/2014,"3,243"
10/20/2014,"1,194"
10/21/2014,"5,036"
10/22/2014,"6,418"
10/23/2014,"1,176"
10/24/2014,"1,499"
10/25/2014,"7,060"
10/26/2014,"4,622"
10/27/2014,"3,616"
10/28/2014,"2,770"
10/29/2014,"2,497"
10/30/2014,"2,837"
10/31/2014,"3,857"
11/01/2014,"6,823"
11/02/2014,"4,996"
11/03/2014,"1,840"
11/04/2014,"1,630"
11/05/2014,"1,502"
11/06/2014,954
11/07/2014,"2,946"
11/08/2014,"2,042"
11/09/2014,544
11/10/2014,324
11/11/2014,427
11/12/2014,"2,448"
11/13/2014,"3,086"
11/14/2014,"1,366"
11/15/2014,"3,100"
11/16/2014,"1,592"
11/17/2014,"3,023"
11/18/2014,"5,406"
11/19/2014,745
11/20/2014,"5,616"
11/21/2014,"4,688"
11/22/2014,342
11/23/2014,164
11/24/2014,268
11/25/2014,593
11/26/2014,719
11/27/2014,"3,324"
11/28/2014,508
11/29/2014,"4,154"
11/30/2014,"1,003"
12/01/2014,"5,432"
12/02/2014,"1,962"
12/03/2014,"5,208"
12/04/2014,"1,328"
12/05/2014,"1,071"
12/06/2014,"4,997"
12/07/2014,"2,074"
12/08/2014,190
12/09/2014,"5,059"
12/10/2014,875
12/11/2014,"4,016"
12/12/2014,639
12/13/2014,446
12/14/2014,247
12/15/2014,328
12/16/2014,482
12/17/2014,"3,444"
12/18/2014,509
12/19/2014,"4,406"
12/20/2014,638
12/21/2014,324
12/22/2014,489
12/23/2014,294
12/24/2014,247
12/25/2014,"1,027"
12/26/2014,"2,322"
12/27/2014,225
12/28/2014,"3,808"
12/29/2014,"4,293"
12/30/2014,"4,867"
12/31/2014,"2,523"
01/01/2015,"1,327"
01/02/2015,"4,232"
01/03/2015,423
01/04/2015,"1,099"
01/05/2015,"4,082"
01/06/2015,"3,795"
01/07/2015,"5,012"
01/08/2015,841
01/09/2015,"5,252"
01/10/2015,"3,339"
01/11/2015,"2,028"
01/12/2015,"5,502"
01/13/2015,"4,730"
01/14/2015,956
01/15/2015,"4,839"
01/16/2015,900
01/17/2015,"1,189"
01/18/2015,"1,730"
01/19/2015,952
01/20/2015,764
01/21/2015,"1,245"
01/22/2015,"4,834"
01/23/2015,"1,668"
01/24/2015,"1,122"
01/25/2015,"3,802"
01/26/2015,"1,168"
01/27/2015,"1,026"
01/28/2015,"2,679"
01/29/2015,899
01/30/2015,"4,524"
01/31/2015,769
02/01/2015,"1,022"
02/02/2015,"6,398"
02/03/2015,"4,039"
02/04/2015,"5,500"
02/05/2015,"6,837"
02/06/2015,"2,972"
02/07/2015,"3,446"
02/08/2015,668
02/09/2015,"6,567"
02/10/2015,"1,671"
02/11/2015,517
02/12/2015,"5,097"
02/13/2015,"1,058"
02/14/2015,"7,862"
02/15/2015,"6,923"
02/16/2015,"2,423"
02/17/2015,"5,691"
02/18/2015,"7,516"
02/19/2015,"9,123"
02/20/2015,"2,773"
02/21/2015,"6,553"
02/22/2015,"9,061"
02/23/2015,"9,245"
02/24/2015,"5,533"
02/25/2015,"4,316"
02/26/2015,"8,770"
02/27/2015,"9,590"
02/28/2015,"8,328"
03/01/2015,"2,651"
03/02/2015,"3,341"
03/03/2015,"2,317"
03/04/2015,"4,490"
03/05/2015,"10,559"
03/06/2015,"8,479"
03/07/2015,"6,187"
03/08/2015,"9,156"
03/09/2015,"7,594"
03/10/2015,"7,790"
03/11/2015,"9,664"
03/12/2015,"6,950"
03/13/2015,"8,346"
03/14/2015,"8,430"
03/15/2015,"4,226"
03/16/2015,"2,043"
03/17/2015,"10,328"
03/18/2015,"6,634"
03/19/2015,"2,933"
03/20/2015,"6,489"
03/21/2015,"9,892"
03/22/2015,"8,581"
03/23/2015,"7,497"
03/24/2015,"9,370"
03/25/2015,"1,582"
03/26/2015,"1,217"
03/27/2015,"9,638"
03/28/2015,"9,649"
03/29/2015,"1,090"
03/30/2015,"7,089"
03/31/2015,"8,314"
04/01/2015,"7,017"
04/02/2015,"6,223"
04/03/2015,"2,685"
04/04/2015,"9,346"
04/05/2015,"2,695"
04/06/2015,"3,594"
04/07/2015,"2,083"
04/08/2015,"1,056"
04/09/2015,"1,025"
04/10/2015,"4,655"
04/11/2015,"9,279"
04/12/2015,"5,516"
04/13/2015,"7,828"
04/14/2015,"8,323"
04/15/2015,"7,708"
04/16/2015,"8,852"
04/17/2015,"8,123"
04/18/2015,"8,600"
04/19/2015,"6,425"
04/20/2015,"1,748"
04/21/2015,"4,455"
04/22/2015,"3,267"
04/23/2015,"9,359"
04/24/2015,"7,539"
04/25/2015,"8,129"
04/26/2015,"8,922"
04/27/2015,"8,712"
04/28/2015,"8,641"
04/29/2015,"6,779"
04/30/2015,"7,014"
05/01/2015,"8,402"
05/02/2015,"9,332"
05/03/2015,"7,860"
05/04/2015,"9,260"
05/05/2015,"6,411"
05/06/2015,"6,519"
05/07/2015,"8,595"
05/08/2015,"5,897"
05/09/2015,"6,886"
05/10/2015,"3,844"
05/11/2015,"3,472"
05/12/2015,"3,987"
05/13/2015,"10,367"
05/14/2015,"6,172"
05/15/2015,"3,649"
05/16/2015,"7,199"
05/17/2015,"4,626"
05/18/2015,"10,134"
05/19/2015,"8,720"
05/20/2015,"5,826"
05/21/2015,"9,158"
05/22/2015,"10,451"
05/23/2015,"9,190"
05/24/2015,"2,582"
05/25/2015,"4,724"
05/26/2015,"4,667"
05/27/2015,"6,301"
05/28/2015,"9,254"
05/29/2015,"5,716"
05/30/2015,"3,184"
05/31/2015,"10,503"
06/01/2015,"10,653"
06/02/2015,"10,194"
06/03/2015,"8,847"
06/04/2015,"3,711"
06/05/2015,"4,386"
06/06/2015,"10,113"
06/07/2015,"5,010"
06/08/2015,"7,170"
06/09/2015,"7,840"
06/10/2015,"9,709"
06/11/2015,"1,923"
06/12/2015,"7,330"
06/13/2015,"1,697"
06/14/2015,"6,260"
06/15/2015,"3,406"
06/16/2015,"8,256"
06/17/2015,"9,177"
06/18/2015,"6,590"
06/19/2015,"5,220"
06/20/2015,"1,931"
06/21/2015,"5,092"
06/22/2015,"4,352"
06/23/2015,"10,414"
06/24/2015,"9,301"
06/25/2015,"8,742"
06/26/2015,"5,657"
06/27/2015,"9,955"
06/28/2015,"7,049"
06/29/2015,"7,590"
06/30/2015,"4,530"
07/01/2015,"8,734"
07/02/2015,"9,742"
07/03/2015,"7,932"
07/04/2015,"8,143"
07/05/2015,"8,352"
07/06/2015,"3,585"
07/07/2015,"7,757"
07/08/2015,"9,525"
07/09/2015,"8,614"
07/10/2015,"8,878"
07/11/2015,"7,267"
07/12/2015,"8,587"
07/13/2015,"8,608"
07/14/2015,"6,547"
07/15/2015,"9,670"
07/16/2015,"6,449"
07/17/2015,"7,703"
07/18/2015,"7,291"
07/19/2015,"10,062"
07/20/2015,"6,504"
07/21/2015,"9,479"
07/22/2015,"8,271"
07/23/2015,"9,097"
07/24/2015,"7,335"
07/25/2015,"9,194"
07/26/2015,"7,487"
07/27/2015,"8,526"
07/28/2015,"6,978"
07/29/2015,"9,795"
07/30/2015,"9,491"
07/31/2015,"8,656"
08/01/2015,"9,797"
08/02/2015,"7,086"
08/03/2015,"8,341"
08/04/2015,"7,326"
08/05/2015,"6,166"
08/06/2015,"7,924"
08/07/2015,757
08/08/2015,"3,262"
08/09/2015,"7,569"
08/10/2015,"7,349"
08/11/2015,"8,773"
08/12/2015,"9,185"
08/13/2015,"7,288"
08/14/2015,"6,664"
08/15/2015,"8,955"
08/16/2015,"8,628"
08/17/2015,"4,654"
08/18/2015,"5,174"
08/19/2015,"4,503"
08/20/2015,"3,620"
08/21/2015,"8,674"
08/22/2015,"8,295"
08/23/2015,"2,298"
08/24/2015,"1,788"
08/25/2015,"1,318"
08/26/2015,"5,093"
08/27/2015,"7,769"
08/28/2015,"2,605"
08/29/2015,"2,967"
08/30/2015,"5,862"
08/31/2015,"5,575"
09/01/2015,"6,737"
09/02/2015,"6,726"
09/03/2015,"2,197"
09/04/2015,"3,280"
09/05/2015,"7,594"
09/06/2015,"6,562"
09/07/2015,"2,231"
09/08/2015,"2,140"
09/09/2015,"9,151"
09/10/2015,"5,996"
09/11/2015,"5,108"
09/12/2015,"6,620"
09/13/2015,"9,013"
09/14/2015,"8,927"
09/15/2015,"8,134"
09/16/2015,"8,198"
09/17/2015,"4,323"
09/18/2015,"3,498"
09/19/2015,"9,071"
09/20/2015,"7,399"
09/21/2015,"8,945"
09/22/2015,"6,717"
09/23/2015,"4,866"
09/24/2015,"5,807"
09/25/2015,"7,486"
09/26/2015,"6,881"
09/27/2015,"5,448"
09/28/2015,"6,578"
09/29/2015,"6,320"
09/30/2015,"7,661"
10/01/2015,"8,016"
10/02/2015,"8,551"
10/03/2015,"2,368"
10/04/2015,"1,292"
10/05/2015,"1,480"
10/06/2015,"4,409"
10/07/2015,"7,600"
10/08/2015,810
10/09/2015,"6,686"
10/10/2015,"7,036"
10/11/2015,"5,775"
10/12/2015,"4,747"
10/13/2015,"4,559"
10/14/2015,"7,433"
10/15/2015,"5,839"
10/16/2015,"5,733"
10/17/2015,"6,255"
10/18/2015,"7,256"
10/19/2015,"4,413"
10/20/2015,"4,856"
10/21/2015,"1,500"
10/22/2015,"4,356"
10/23/2015,813
10/24/2015,636
10/25/2015,"7,160"
10/26/2015,"1,965"
10/27/2015,"5,160"
10/28/2015,665
10/29/2015,"1,315"
10/30/2015,"1,526"
10/31/2015,263
11/01/2015,"3,043"
11/02/2015,"2,482"
11/03/2015,"2,670"
11/04/2015,"1,835"
11/05/2015,"2,741"
11/06/2015,"1,894"
11/07/2015,"6,200"
11/08/2015,"6,380"
11/09/2015,"6,204"
11/10/2015,"5,435"
11/11/2015,"2,711"
11/12/2015,493
11/13/2015,"2,293"
11/14/2015,"4,314"
11/15/2015,"5,412"
11/16/2015,"1,959"
11/17/2015,490
11/18/2015,546
11/19/2015,"2,631"
11/20/2015,"3,406"
11/21/2015,"1,302"
11/22/2015,"3,188"
11/23/2015,"3,192"
11/24/2015,"3,288"
11/25/2015,"1,516"
11/26/2015,138
11/27/2015,608
11/28/2015,"5,231"
11/29/2015,"4,342"
11/30/2015,792
12/01/2015,762
12/02/2015,"2,396"
12/03/2015,"1,417"
12/04/2015,"4,630"
12/05/2015,"4,656"
12/06/2015,643
12/07/2015,218
12/08/2015,"1,067"
12/09/2015,"4,068"
12/10/2015,"1,343"
12/11/2015,382
12/12/2015,486
12/13/2015,189
12/14/2015,433
12/15/2015,640
12/16/2015,951
12/17/2015,748
12/18/2015,"1,176"
12/19/2015,"4,624"
12/20/2015,"2,261"
12/21/2015,140
12/22/2015,397
12/23/2015,211
12/24/2015,"2,687"
12/25/2015,740
12/26/2015,303
12/27/2015,"1,657"
12/28/2015,224
12/29/2015,651
12/30/2015,"1,475"
12/31/2015,"1,230"
01/01/2016,"1,446"
01/02/2016,"4,915"
01/03/2016,630
01/04/2016,"4,159"
01/05/2016,"4,650"
01/06/2016,"2,860"
01/07/2016,589
01/08/2016,362
01/09/2016,572
01/10/2016,"5,183"
01/11/2016,"3,709"
01/12/2016,"5,083"
01/13/2016,"1,029"
01/14/2016,"1,240"
01/15/2016,420
01/16/2016,"5,720"
01/17/2016,"4,642"
01/18/2016,"5,726"
01/19/2016,"5,262"
01/20/2016,"4,953"
01/21/2016,653
01/22/2016,980
01/23/2016,"1,606"
01/24/2016,504
01/25/2016,"1,258"
01/26/2016,"1,214"
01/27/2016,"2,843"
01/28/2016,"2,098"
01/29/2016,"3,994"
01/30/2016,"3,406"
01/31/2016,834
02/01/2016,"6,330"
02/02/2016,307
02/03/2016,548
02/04/2016,"4,035"
02/05/2016,"4,568"
02/06/2016,"1,113"
02/07/2016,"4,146"
02/08/2016,"1,140"
02/09/2016,"4,422"
02/10/2016,"7,832"
02/11/2016,"8,417"
02/12/2016,"7,387"
02/13/2016,"8,716"
02/14/2016,"5,799"
02/15/2016,"2,465"
02/16/2016,"1,248"
02/17/2016,"8,784"
02/18/2016,"3,057"
02/19/2016,"3,882"
02/20/2016,"6,423"
02/21/2016,"1,116"
02/22/2016,324
02/23/2016,518
02/24/2016,"1,107"
02/25/2016,"1,248"
02/26/2016,"2,168"
02/27/2016,"5,556"
02/28/2016,"3,023"
02/29/2016,"5,216"
03/01/2016,"1,269"
03/02/2016,"6,800"
03/03/2016,"4,640"
03/04/2016,"3,438"
03/05/2016,"1,689"
03/06/2016,"6,411"
03/07/2016,"5,865"
03/08/2016,"4,602"
03/09/2016,"3,305"
03/10/2016,"2,806"
03/11/2016,"4,857"
03/12/2016,"7,890"
03/13/2016,"1,323"
03/14/2016,"3,456"
03/15/2016,"2,869"
03/16/2016,"1,949"
03/17/2016,"3,486"
03/18/2016,"2,555"
03/19/2016,"3,520"
03/20/2016,"10,003"
03/21/2016,"7,949"
03/22/2016,"4,220"
03/23/2016,"1,007"
03/24/2016,"1,075"
03/25/2016,"10,318"
03/26/2016,"8,272"
03/27/2016,"1,133"
03/28/2016,"9,979"
03/29/2016,"8,876"
03/30/2016,"1,683"
03/31/2016,"1,187"
04/01/2016,"6,412"
04/02/2016,"4,118"
04/03/2016,"3,477"
04/04/2016,"5,703"
04/05/2016,"8,630"
04/06/2016,"1,532"
04/07/2016,"3,192"
04/08/2016,"2,616"
04/09/2016,"8,762"
04/10/2016,"3,221"
04/11/2016,"4,901"
04/12/2016,"10,350"
04/13/2016,"2,342"
04/14/2016,"9,569"
04/15/2016,"9,710"
04/16/2016,"9,482"
04/17/2016,"9,437"
04/18/2016,"8,421"
04/19/2016,"2,055"
04/20/2016,"7,335"
04/21/2016,"5,513"
04/22/2016,"7,278"
04/23/2016,"9,478"
04/24/2016,"1,664"
04/25/2016,"7,090"
04/26/2016,"3,747"
04/27/2016,"7,952"
04/28/2016,"1,997"
04/29/2016,"8,190"
04/30/2016,"4,141"
05/01/2016,"6,772"
05/02/2016,"10,159"
05/03/2016,"7,753"
05/04/2016,"4,475"
05/05/2016,"10,634"
05/06/2016,"9,723"
05/07/2016,"9,613"
05/08/2016,"9,237"
05/09/2016,"8,682"
05/10/2016,"1,194"
05/11/2016,"3,044"
05/12/2016,"5,658"
05/13/2016,"3,358"
05/14/2016,"4,918"
05/15/2016,"7,912"
05/16/2016,"8,221"
05/17/2016,"10,965"
05/18/2016,"10,467"
05/19/2016,"10,160"
05/20/2016,"9,542"
05/21/2016,"9,634"
05/22/2016,"9,481"
05/23/2016,"8,701"
05/24/2016,"7,131"
05/25/2016,"5,963"
05/26/2016,"8,115"
05/27/2016,"3,426"
05/28/2016,"4,979"
05/29/2016,"6,225"
05/30/2016,"9,970"
05/31/2016,"6,748"
06/01/2016,"7,122"
06/02/2016,"7,167"
06/03/2016,"9,247"
06/04/2016,"4,103"
06/05/2016,"8,009"
06/06/2016,"5,761"
06/07/2016,"5,721"
06/08/2016,"10,475"
06/09/2016,"8,335"
06/10/2016,"8,716"
06/11/2016,"9,599"
06/12/2016,"9,019"
06/13/2016,"4,029"
06/14/2016,"7,791"
06/15/2016,"5,352"
06/16/2016,"3,642"
06/17/2016,"9,766"
06/18/2016,"9,292"
06/19/2016,"9,314"
06/20/2016,"10,133"
06/21/2016,"9,067"
06/22/2016,"3,971"
06/23/2016,"2,871"
06/24/2016,"5,006"
06/25/2016,"8,613"
06/26/2016,"8,866"
06/27/2016,"7,147"
06/28/2016,"10,125"
06/29/2016,"8,557"
06/30/2016,"3,923"
07/01/2016,"10,166"
07/02/2016,"8,861"
07/03/2016,"9,675"
07/04/2016,"7,731"
07/05/2016,"9,354"
07/06/2016,"6,944"
07/07/2016,"3,628"
07/08/2016,"6,957"
07/09/2016,"9,581"
07/10/2016,"5,659"
07/11/2016,"8,115"
07/12/2016,"6,757"
07/13/2016,"8,553"
07/14/2016,"6,144"
07/15/2016,"4,654"
07/16/2016,"6,510"
07/17/2016,"5,420"
07/18/2016,"9,395"
07/19/2016,"9,400"
07/20/2016,"6,809"
07/21/2016,"4,193"
07/22/2016,"9,164"
07/23/2016,"5,218"
07/24/2016,"4,262"
07/25/2016,"9,162"
07/26/2016,"9,521"
07/27/2016,"4,590"
07/28/2016,"3,603"
07/29/2016,"3,975"
07/30/2016,"9,640"
07/31/2016,"7,518"
08/01/2016,"9,547"
08/02/2016,"8,748"
08/03/2016,"8,262"
08/04/2016,"5,460"
08/05/2016,"8,482"
08/06/2016,"8,741"
08/07/2016,"6,061"
08/08/2016,"9,441"
08/09/2016,"7,972"
08/10/2016,"7,414"
08/11/2016,"4,124"
08/12/2016,"2,892"
08/13/2016,"6,277"
08/14/2016,"8,586"
08/15/2016,"7,747"
08/16/2016,"7,860"
08/17/2016,"8,020"
08/18/2016,"8,606"
08/19/2016,"3,516"
08/20/2016,"2,843"
08/21/2016,"6,361"
08/22/2016,"9,331"
08/23/2016,"8,006"
08/24/2016,"4,161"
08/25/2016,"7,489"
08/26/2016,"6,736"
08/27/2016,"1,697"
08/28/2016,"8,295"
08/29/2016,"7,590"
08/30/2016,"7,571"
08/31/2016,"7,930"
09/01/2016,"5,949"
09/02/2016,"9,016"
09/03/2016,"8,976"
09/04/2016,"9,094"
09/05/2016,"6,539"
09/06/2016,"5,776"
09/07/2016,"2,323"
09/08/2016,"6,385"
09/09/2016,"2,660"
09/10/2016,"3,047"
09/11/2016,"9,117"
09/12/2016,"9,085"
09/13/2016,"1,885"
09/14/2016,"6,368"
09/15/2016,"8,619"
09/16/2016,"4,063"
09/17/2016,"8,215"
09/18/2016,"8,918"
09/19/2016,"3,293"
09/20/2016,"8,694"
09/21/2016,"2,224"
09/22/2016,"3,440"
09/23/2016,"3,176"
09/24/2016,"5,850"
09/25/2016,"4,228"
09/26/2016,"6,566"
09/27/2016,"1,596"
09/28/2016,"4,602"
09/29/2016,"8,240"
09/30/2016,515
10/01/2016,"1,564"
10/02/2016,"6,622"
10/03/2016,"3,761"
10/04/2016,"2,487"
10/05/2016,"3,387"
10/06/2016,"2,707"
10/07/2016,"4,655"
10/08/2016,"7,748"
10/09/2016,"7,590"
10/10/2016,"7,107"
10/11/2016,"3,157"
10/12/2016,358
10/13/2016,"4,610"
10/14/2016,"5,408"
10/15/2016,645
10/16/2016,"5,547"
10/17/2016,"1,784"
10/18/2016,"6,148"
10/19/2016,"4,518"
10/20/2016,"5,708"
10/21/2016,"2,089"
10/22/2016,"4,963"
10/23/2016,"5,592"
10/24/2016,"7,060"
10/25/2016,"4,862"
10/26/2016,281
10/27/2016,"1,373"
10/28/2016,"2,079"
10/29/2016,"2,089"
10/30/2016,"3,617"
10/31/2016,"2,105"
11/01/2016,"5,518"
11/02/2016,"2,716"
11/03/2016,"3,311"
11/04/2016,"6,223"
11/05/2016,"5,442"
11/06/2016,"5,712"
11/07/2016,"5,678"
11/08/2016,"2,506"
11/09/2016,"5,969"
11/10/2016,"5,860"
11/11/2016,"5,998"
11/12/2016,"5,567"
11/13/2016,"5,793"
11/14/2016,"4,207"
11/15/2016,"1,005"
11/16/2016,"5,278"
11/17/2016,"3,586"
11/18/2016,"1,557"
11/19/2016,"1,991"
11/20/2016,"5,134"
11/21/2016,"5,351"
11/22/2016,"2,522"
11/23/2016,162
11/24/2016,680
11/25/2016,443
11/26/2016,"2,146"
11/27/2016,"4,057"
11/28/2016,162
11/29/2016,"4,085"
11/30/2016,893
12/01/2016,946
12/02/2016,795
12/03/2016,238
12/04/2016,42
12/05/2016,677
12/06/2016,612
12/07/2016,"1,996"
12/08/2016,"4,061"
12/09/2016,"4,720"
12/10/2016,"4,414"
12/11/2016,143
12/12/2016,904
12/13/2016,"5,000"
12/14/2016,"4,956"
12/15/2016,"4,968"
12/16/2016,415
12/17/2016,127
12/18/2016,"1,939"
12/19/2016,"1,558"
12/20/2016,"3,672"
12/21/2016,697
12/22/2016,"4,782"
12/23/2016,546
12/24/2016,"1,048"
12/25/2016,397
12/26/2016,"4,678"
12/27/2016,"1,485"
12/28/2016,"2,495"
12/29/2016,"1,182"
12/30/2016,"1,931"
12/31/2016,"1,018"
01/01/2017,"4,452"
01/02/2017,"1,113"
01/03/2017,407
01/04/2017,"4,994"
01/05/2017,"5,100"
01/06/2017,"5,067"
01/07/2017,"5,213"
01/08/2017,"4,990"
01/09/2017,977
01/10/2017,256
01/11/2017,"1,352"
01/12/2017,"2,414"
01/13/2017,"1,693"
01/14/2017,"3,937"
01/15/2017,"5,579"
01/16/2017,"1,369"
01/17/2017,562
01/18/2017,"2,991"
01/19/2017,903
01/20/2017,602
01/21/2017,399
01/22/2017,"1,319"
01/23/2017,"1,338"
01/24/2017,964
01/25/2017,747
01/26/2017,"2,455"
01/27/2017,"1,953"
01/28/2017,810
01/29/2017,"1,472"
01/30/2017,"2,804"
01/31/2017,"2,186"
02/01/2017,"4,347"
02/02/2017,"7,246"
02/03/2017,"7,428"
02/04/2017,"2,474"
02/05/2017,"5,802"
02/06/2017,"5,128"
02/07/2017,294
02/08/2017,"5,679"
02/09/2017,"8,113"
02/10/2017,"4,250"
02/11/2017,"2,509"
02/12/2017,"7,393"
02/13/2017,"7,459"
02/14/2017,"5,731"
02/15/2017,"4,721"
02/16/2017,"3,186"
02/17/2017,"7,883"
02/18/2017,"7,865"
02/19/2017,"7,522"
02/20/2017,"2,183"
02/21/2017,"8,265"
02/22/2017,"6,111"
02/23/2017,"3,764"
02/24/2017,634
02/25/2017,"5,843"
02/26/2017,"7,136"
02/27/2017,"7,785"
02/28/2017,522
03/01/2017,174
03/02/2017,"5,194"
03/03/2017,"10,246"
03/04/2017,"4,240"
03/05/2017,"2,520"
03/06/2017,612
03/07/2017,"8,039"
03/08/2017,"7,538"
03/09/2017,"4,375"
03/10/2017,"10,318"
03/11/2017,"10,359"
03/12/2017,"7,033"
03/13/2017,"4,535"
03/14/2017,"7,919"
03/15/2017,"10,411"
03/16/2017,"9,923"
03/17/2017,660
03/18/2017,"3,745"
03/19/2017,"8,474"
03/20/2017,"5,073"
03/21/2017,"9,893"
03/22/2017,"9,829"
03/23/2017,"1,964"
03/24/2017,738
03/25/2017,562
03/26/2017,768
03/27/2017,"1,225"
03/28/2017,"9,831"
03/29/2017,"2,007"
03/30/2017,717
03/31/2017,"7,124"
04/01/2017,"9,496"
04/02/2017,"2,766"
04/03/2017,897
04/04/2017,"5,439"
04/05/2017,"1,816"
04/06/2017,"8,619"
04/07/2017,"9,502"
04/08/2017,"8,474"
04/09/2017,"5,047"
04/10/2017,980
04/11/2017,"1,785"
04/12/2017,"5,055"
04/13/2017,"2,798"
04/14/2017,"4,999"
04/15/2017,"4,199"
04/16/2017,"9,401"
04/17/2017,"6,956"
04/18/2017,"4,863"
04/19/2017,"3,700"
04/20/2017,"1,467"
04/21/2017,"8,980"
04/22/2017,"10,571"
04/23/2017,"10,476"
04/24/2017,"7,490"
04/25/2017,"8,153"
04/26/2017,"2,106"
04/27/2017,"2,767"
04/28/2017,"7,671"
04/29/2017,"5,918"
04/30/2017,"1,373"
05/01/2017,"4,385"
05/02/2017,"4,347"
05/03/2017,"10,153"
05/04/2017,"8,283"
05/05/2017,"10,442"
05/06/2017,"10,162"
05/07/2017,"11,018"
05/08/2017,"10,567"
05/09/2017,"4,561"
05/10/2017,"6,614"
05/11/2017,"6,435"
05/12/2017,"6,396"
05/13/2017,"5,642"
05/14/2017,"10,281"
05/15/2017,"7,629"
05/16/2017,"7,118"
05/17/2017,"5,265"
05/18/2017,"5,116"
05/19/2017,"5,758"
05/20/2017,"3,520"
05/21/2017,"4,278"
05/22/2017,"9,180"
05/23/2017,"2,322"
05/24/2017,"2,112"
05/25/2017,"10,203"
05/26/2017,"6,344"
05/27/2017,"8,469"
05/28/2017,"7,536"
05/29/2017,"7,246"
05/30/2017,"4,843"
05/31/2017,"9,330"
06/01/2017,"10,305"
06/02/2017,"9,609"
06/03/2017,"6,072"
06/04/2017,"10,072"
06/05/2017,"8,474"
06/06/2017,"10,296"
06/07/2017,"9,638"
06/08/2017,"7,392"
06/09/2017,"7,352"
06/10/2017,"9,716"
06/11/2017,"4,908"
06/12/2017,"4,530"
06/13/2017,"3,358"
06/14/2017,"5,985"
06/15/2017,"9,509"
06/16/2017,"8,154"
06/17/2017,"7,756"
06/18/2017,"5,739"
06/19/2017,"5,619"
06/20/2017,"5,820"
06/21/2017,"8,360"
06/22/2017,"2,686"
06/23/2017,"8,975"
06/24/2017,"8,825"
06/25/2017,"7,294"
06/26/2017,"5,601"
06/27/2017,"9,397"
06/28/2017,"2,001"
06/29/2017,"7,007"
06/30/2017,"8,072"
07/01/2017,"7,367"
07/02/2017,"6,879"
07/03/2017,"8,896"
07/04/2017,"9,701"
07/05/2017,"5,274"
07/06/2017,"7,799"
07/07/2017,"7,511"
07/08/2017,"9,713"
07/09/2017,"6,468"
07/10/2017,"8,488"
07/11/2017,"8,379"
07/12/2017,"6,301"
07/13/2017,"6,243"
07/14/2017,"4,414"
07/15/2017,"9,851"
07/16/2017,"7,457"
07/17/2017,"9,422"
07/18/2017,"7,626"
07/19/2017,"8,981"
07/20/2017,"8,506"
07/21/2017,"3,646"
07/22/2017,"6,202"
07/23/2017,"5,490"
07/24/2017,"8,910"
07/25/2017,"6,891"
07/26/2017,"3,772"
07/27/2017,"9,908"
07/28/2017,"9,778"
07/29/2017,"9,911"
07/30/2017,"9,514"
07/31/2017,"9,050"
08/01/2017,"6,846"
08/02/2017,"6,309"
08/03/2017,"1,961"
08/04/2017,"2,437"
08/05/2017,"7,583"
08/06/2017,"6,438"
08/07/2017,"9,921"
08/08/2017,"9,449"
08/09/2017,"7,391"
08/10/2017,"6,096"
08/11/2017,"3,031"
08/12/2017,"9,846"
08/13/2017,"7,199"
08/14/2017,"6,342"
08/15/2017,"7,746"
08/16/2017,"8,274"
08/17/2017,"5,625"
08/18/2017,"3,594"
08/19/2017,"8,865"
08/20/2017,"6,084"
08/21/2017,"4,726"
08/22/2017,"8,369"
08/23/2017,"8,845"
08/24/2017,"9,359"
08/25/2017,"9,457"
08/26/2017,"2,164"
08/27/2017,"1,243"
08/28/2017,"3,088"
08/29/2017,"5,569"
08/30/2017,"6,901"
08/31/2017,"8,837"
09/01/2017,"8,337"
09/02/2017,"2,911"
09/03/2017,"8,808"
09/04/2017,"5,746"
09/05/2017,"6,042"
09/06/2017,"6,474"
09/07/2017,"3,136"
09/08/2017,"8,084"
09/09/2017,"9,050"
09/10/2017,"8,813"
09/11/2017,"8,625"
09/12/2017,"8,564"
09/13/2017,"8,377"
09/14/2017,"7,760"
09/15/2017,"7,889"
09/16/2017,"7,215"
09/17/2017,"4,887"
09/18/2017,"7,687"
09/19/2017,"7,757"
09/20/2017,"6,107"
09/21/2017,"4,797"
09/22/2017,"7,801"
09/23/2017,"7,960"
09/24/2017,"7,984"
09/25/2017,"7,523"
09/26/2017,"2,834"
09/27/2017,"6,836"
09/28/2017,"7,244"
09/29/2017,"5,725"
09/30/2017,"8,644"
10/01/2017,"7,762"
10/02/2017,"5,730"
10/03/2017,"4,111"
10/04/2017,"8,358"
10/05/2017,"2,382"
10/06/2017,"1,382"
10/07/2017,"1,090"
10/08/2017,"7,402"
10/09/2017,"6,491"
10/10/2017,"4,756"
10/11/2017,"1,846"
10/12/2017,650
10/13/2017,"1,046"
10/14/2017,839
10/15/2017,"3,313"
10/16/2017,"7,030"
10/17/2017,"6,572"
10/18/2017,"6,474"
10/19/2017,"6,229"
10/20/2017,"6,153"
10/21/2017,"5,896"
10/22/2017,268
10/23/2017,"1,511"
10/24/2017,707
10/25/2017,"6,166"
10/26/2017,"3,892"
10/27/2017,744
10/28/2017,"1,130"
10/29/2017,"5,311"
10/30/2017,"1,570"
10/31/2017,911
11/01/2017,"2,184"
11/02/2017,594
11/03/2017,"4,336"
11/04/2017,295
11/05/2017,632
11/06/2017,"4,566"
11/07/2017,"4,176"
11/08/2017,"2,822"
11/09/2017,"2,679"
11/10/2017,"4,826"
11/11/2017,342
11/12/2017,"3,732"
11/13/2017,"4,255"
11/14/2017,541
11/15/2017,254
11/16/2017,"3,557"
11/17/2017,469
11/18/2017,315
11/19/2017,"5,118"
11/20/2017,"4,568"
11/21/2017,"1,156"
11/22/2017,"4,510"
11/23/2017,"4,693"
11/24/2017,"3,437"
11/25/2017,"4,709"
11/26/2017,"4,214"
11/27/2017,"2,977"
11/28/2017,"3,303"
11/29/2017,"4,645"
11/30/2017,"4,543"
12/01/2017,"3,021"
12/02/2017,"2,968"
12/03/2017,"3,372"
12/04/2017,531
12/05/2017,"3,540"
12/06/2017,"1,191"
12/07/2017,"4,058"
12/08/2017,537
12/09/2017,"4,364"
12/10/2017,730
12/11/2017,521
12/12/2017,"1,721"
12/13/2017,129
12/14/2017,"2,256"
12/15/2017,"1,553"
12/16/2017,550
12/17/2017,443
12/18/2017,0
12/19/2017,"4,745"
12/20/2017,"1,011"
12/21/2017,651
12/22/2017,826
12/23/2017,"1,414"
12/24/2017,542
12/25/2017,"4,206"
12/26/2017,"4,767"
12/27/2017,"4,728"
12/28/2017,982
12/29/2017,"1,031"
12/30/2017,"4,815"
12/31/2017,"4,803"
01/01/2018,"4,828"
01/02/2018,"4,632"
01/03/2018,"2,930"
01/04/2018,"4,953"
01/05/2018,"4,978"
01/06/2018,"4,922"
01/07/2018,"2,888"
01/08/2018,"4,903"
01/09/2018,"3,382"
01/10/2018,322
01/11/2018,272
01/12/2018,"5,266"
01/13/2018,"5,234"
01/14/2018,"3,856"
01/15/2018,438
01/16/2018,"3,205"
01/17/2018,"3,737"
01/18/2018,"4,093"
01/19/2018,"2,862"
01/20/2018,"2,641"
01/21/2018,"3,227"
01/22/2018,193
01/23/2018,"1,005"
01/24/2018,"3,886"
01/25/2018,"4,217"
01/26/2018,"2,519"
01/27/2018,"5,835"
01/28/2018,"2,148"
01/29/2018,"3,116"
01/30/2018,"5,129"
01/31/2018,"3,674"
02/01/2018,"6,622"
02/02/2018,"6,658"
02/03/2018,554
02/04/2018,"2,950"
02/05/2018,"3,538"
02/06/2018,"6,839"
02/07/2018,"6,230"
02/08/2018,"7,675"
02/09/2018,"6,017"
02/10/2018,"6,541"
02/11/2018,"5,839"
02/12/2018,"7,706"
02/13/2018,"2,674"
02/14/2018,"7,996"
02/15/2018,"4,786"
02/16/2018,"8,621"
02/17/2018,"1,118"
02/18/2018,"3,284"
02/19/2018,"1,007"
02/20/2018,"1,042"
02/21/2018,"6,972"
02/22/2018,"2,041"
02/23/2018,"1,053"
02/24/2018,"4,526"
02/25/2018,"7,277"
02/26/2018,"8,776"
02/27/2018,"8,144"
02/28/2018,"3,089"
03/01/2018,"2,964"
03/02/2018,"9,043"
03/03/2018,"5,938"
03/04/2018,"3,602"
03/05/2018,"1,940"
03/06/2018,"1,474"
03/07/2018,"4,747"
03/08/2018,"5,543"
03/09/2018,"8,366"
03/10/2018,"8,776"
03/11/2018,"8,114"
03/12/2018,"7,924"
03/13/2018,"5,889"
03/14/2018,"10,062"
03/15/2018,"9,129"
03/16/2018,"9,694"
03/17/2018,"10,077"
03/18/2018,"9,528"
03/19/2018,"10,009"
03/20/2018,"4,322"
03/21/2018,"8,754"
03/22/2018,"10,090"
03/23/2018,"9,938"
03/24/2018,"5,430"
03/25/2018,"9,323"
03/26/2018,"6,198"
03/27/2018,"2,457"
03/28/2018,"9,825"
03/29/2018,"7,390"
03/30/2018,"8,665"
03/31/2018,"1,845"
04/01/2018,"10,735"
04/02/2018,"6,469"
04/03/2018,790
04/04/2018,"9,754"
04/05/2018,"10,476"
04/06/2018,"7,267"
04/07/2018,"10,313"
04/08/2018,"8,693"
04/09/2018,"8,109"
04/10/2018,"5,876"
04/11/2018,"9,438"
04/12/2018,"2,551"
04/13/2018,548
04/14/2018,"2,303"
04/15/2018,"1,388"
04/16/2018,"4,268"
04/17/2018,"6,639"
04/18/2018,"2,861"
04/19/2018,"10,825"
04/20/2018,"10,265"
04/21/2018,"8,251"
04/22/2018,"10,096"
04/23/2018,"9,221"
04/24/2018,"8,685"
04/25/2018,"10,284"
04/26/2018,"8,621"
04/27/2018,"4,258"
04/28/2018,"10,667"
04/29/2018,"10,838"
04/30/2018,"8,831"
05/01/2018,"6,951"
05/02/2018,"5,171"
05/03/2018,"4,035"
05/04/2018,"6,843"
05/05/2018,"10,056"
05/06/2018,"8,721"
05/07/2018,"9,040"
05/08/2018,"7,000"
05/09/2018,"1,575"
05/10/2018,"7,171"
05/11/2018,"1,607"
05/12/2018,"7,470"
05/13/2018,"9,199"
05/14/2018,"5,789"
05/15/2018,"9,183"
05/16/2018,"8,716"
05/17/2018,"7,790"
05/18/2018,"8,375"
05/19/2018,"4,909"
05/20/2018,"7,484"
05/21/2018,"2,125"
05/22/2018,"5,959"
05/23/2018,"7,656"
05/24/2018,"7,649"
05/25/2018,"6,704"
05/26/2018,"7,984"
05/27/2018,"7,404"
05/28/2018,"5,880"
05/29/2018,"8,843"
05/30/2018,"2,953"
05/31/2018,"6,445"
06/01/2018,"9,490"
06/02/2018,"4,416"
06/03/2018,"4,895"
06/04/2018,"9,499"
06/05/2018,"9,779"
06/06/2018,"4,560"
06/07/2018,"9,914"
06/08/2018,"6,613"
06/09/2018,"6,975"
06/10/2018,"2,910"
06/11/2018,"9,431"
06/12/2018,"6,689"
06/13/2018,"10,417"
06/14/2018,"8,675"
06/15/2018,"2,857"
06/16/2018,"6,468"
06/17/2018,"8,633"
06/18/2018,"3,485"
06/19/2018,"3,310"
06/20/2018,"5,583"
06/21/2018,"7,848"
06/22/2018,"6,330"
06/23/2018,"10,072"
06/24/2018,"9,589"
06/25/2018,"7,510"
06/26/2018,"3,752"
06/27/2018,"5,962"
06/28/2018,"9,399"
06/29/2018,"9,177"
06/30/2018,"8,705"
07/01/2018,"7,108"
07/02/2018,"9,852"
07/03/2018,"9,412"
07/04/2018,"7,947"
07/05/2018,"6,605"
07/06/2018,"10,188"
07/07/2018,"10,033"
07/08/2018,"9,848"
07/09/2018,"7,899"
07/10/2018,"8,223"
07/11/2018,"8,781"
07/12/2018,"4,636"
07/13/2018,"4,986"
07/14/2018,"5,732"
07/15/2018,"7,294"
07/16/2018,"9,435"
07/17/2018,"8,855"
07/18/2018,"9,164"
07/19/2018,"7,734"
07/20/2018,"4,301"
07/21/2018,"2,148"
07/22/2018,"5,880"
07/23/2018,"7,988"
07/24/2018,"8,909"
07/25/2018,"7,822"
07/26/2018,"5,894"
07/27/2018,"5,900"
07/28/2018,"7,157"
07/29/2018,"7,464"
07/30/2018,"7,218"
07/31/2018,"7,992"
08/01/2018,"6,955"
08/02/2018,"2,536"
08/03/2018,"7,484"
08/04/2018,"6,787"
08/05/2018,"7,100"
08/06/2018,"6,048"
08/07/2018,"3,503"
08/08/2018,"8,220"
08/09/2018,"8,855"
08/10/2018,"8,325"
08/11/2018,"7,528"
08/12/2018,"8,459"
08/13/2018,"7,954"
08/14/2018,"8,481"
08/15/2018,"7,985"
08/16/2018,"3,246"
08/17/2018,"5,226"
08/18/2018,"6,972"
08/19/2018,"7,684"
08/20/2018,"2,547"
08/21/2018,"2,777"
08/22/2018,"9,095"
08/23/2018,"8,806"
08/24/2018,"1,318"
08/25/2018,"4,199"
08/26/2018,"4,576"
08/27/2018,"4,951"
08/28/2018,"2,268"
08/29/2018,"5,054"
08/30/2018,"8,856"
08/31/2018,"7,908"
09/01/2018,"4,119"
09/02/2018,"3,469"
09/03/2018,"1,630"
09/04/2018,"7,768"
09/05/2018,"1,983"
09/06/2018,"9,777"
09/07/2018,"5,721"
09/08/2018,"7,861"
09/09/2018,"9,672"
09/10/2018,"9,347"
09/11/2018,"8,820"
09/12/2018,"8,725"
09/13/2018,"8,818"
09/14/2018,"8,344"
09/15/2018,"8,080"
09/16/2018,"8,255"
09/17/2018,"7,844"
09/18/2018,"2,941"
09/19/2018,"1,069"
09/20/2018,"1,620"
09/21/2018,"3,894"
09/22/2018,"9,232"
09/23/2018,"8,697"
09/24/2018,"7,865"
09/25/2018,"3,052"
09/26/2018,"7,251"
09/27/2018,"4,467"
09/28/2018,"3,509"
09/29/2018,"1,947"
09/30/2018,732
10/01/2018,617
10/02/2018,"1,291"
10/03/2018,"3,362"
10/04/2018,"8,204"
10/05/2018,511
10/06/2018,"1,765"
10/07/2018,"1,176"
10/08/2018,"2,147"
10/09/2018,"4,331"
10/10/2018,917
10/11/2018,"2,144"
10/12/2018,962
10/13/2018,"4,161"
10/14/2018,654
10/15/2018,"3,863"
10/16/2018,"5,949"
10/17/2018,"6,809"
10/18/2018,"7,104"
10/19/2018,495
10/20/2018,"2,779"
10/21/2018,"5,191"
10/22/2018,"6,787"
10/23/2018,"6,461"
10/24/2018,"5,412"
10/25/2018,"3,653"
10/26/2018,"1,427"
10/27/2018,"1,147"
10/28/2018,442
10/29/2018,"1,425"
10/30/2018,"1,738"
10/31/2018,"6,012"
11/01/2018,"3,326"
11/02/2018,"2,948"
11/03/2018,"5,740"
11/04/2018,146
11/05/2018,"1,200"
11/06/2018,726
11/07/2018,"1,056"
11/08/2018,864
11/09/2018,"4,442"
11/10/2018,"5,632"
11/11/2018,"1,338"
11/12/2018,"2,096"
11/13/2018,"5,621"
11/14/2018,"5,752"
11/15/2018,"5,349"
11/16/2018,456
11/17/2018,"1,053"
11/18/2018,"5,576"
11/19/2018,"1,711"
11/20/2018,"1,106"
11/21/2018,"3,388"
11/22/2018,314
11/23/2018,"2,652"
11/24/2018,237
11/25/2018,800
11/26/2018,"2,123"
11/27/2018,"1,566"
11/28/2018,"4,368"
11/29/2018,186
11/30/2018,488
12/01/2018,164
12/02/2018,681
12/03/2018,757
12/04/2018,"4,292"
12/05/2018,"3,272"
12/06/2018,"4,587"
12/07/2018,"4,480"
12/08/2018,"4,580"
12/09/2018,"2,554"
12/10/2018,"4,807"
12/11/2018,694
12/12/2018,194
12/13/2018,"1,577"
12/14/2018,"3,678"
12/15/2018,"4,310"
12/16/2018,"3,877"
12/17/2018,"4,343"
12/18/2018,"4,240"
12/19/2018,"1,166"
12/20/2018,459
12/21/2018,523
12/22/2018,493
12/23/2018,673
12/24/2018,"3,989"
12/25/2018,722
12/26/2018,909
12/27/2018,112
12/28/2018,221
12/29/2018,"1,921"
12/30/2018,"2,402"
12/31/2018,120
01/01/2019,247
01/02/2019,75
01/03/2019,"1,484"
01/04/2019,"3,860"
01/05/2019,"4,801"
01/06/2019,"2,395"
01/07/2019,168
01/08/2019,"2,140"
01/09/2019,"3,125"
01/10/2019,"2,298"
01/11/2019,804
01/12/2019,324
01/13/2019,633
01/14/2019,"1,134"
01/15/2019,294
01/16/2019,"5,256"
01/17/2019,437
01/18/2019,"1,894"
01/19/2019,"5,113"
01/20/2019,"5,706"
01/21/2019,"5,035"
01/22/2019,484
01/23/2019,50
01/24/2019,99
01/25/2019,503
01/26/2019,399
01/27/2019,684
01/28/2019,169
01/29/2019,785
01/30/2019,"2,184"
01/31/2019,"2,933"
02/01/2019,"3,802"
02/02/2019,861
02/03/2019,606
02/04/2019,358
02/05/2019,"3,252"
02/06/2019,"1,255"
02/07/2019,645
02/08/2019,"7,231"
02/09/2019,"7,199"
02/10/2019,916
02/11/2019,796
02/12/2019,997
02/13/2019,"8,205"
02/14/2019,"2,526"
02/15/2019,"8,797"
02/16/2019,"7,952"
02/17/2019,"1,490"
02/18/2019,"8,751"
02/19/2019,"8,708"
02/20/2019,858
02/21/2019,"8,545"
02/22/2019,"8,686"
02/23/2019,"1,279"
02/24/2019,"1,951"
02/25/2019,"7,769"
02/26/2019,"2,459"
02/27/2019,"2,412"
02/28/2019,"6,531"
03/01/2019,"3,574"
03/02/2019,"6,547"
03/03/2019,"10,360"
03/04/2019,"10,303"
03/05/2019,"9,405"
03/06/2019,"8,359"
03/07/2019,"8,611"
03/08/2019,"7,397"
03/09/2019,"4,051"
03/10/2019,"2,382"
03/11/2019,"10,732"
03/12/2019,"7,673"
03/13/2019,"1,111"
03/14/2019,"5,505"
03/15/2019,"1,203"
03/16/2019,"10,112"
03/17/2019,"10,291"
03/18/2019,"9,464"
03/19/2019,"9,551"
03/20/2019,"2,319"
03/21/2019,"5,194"
03/22/2019,"9,980"
03/23/2019,"10,021"
03/24/2019,"5,167"
03/25/2019,"10,297"
03/26/2019,"8,793"
03/27/2019,"4,895"
03/28/2019,"4,209"
03/29/2019,"8,305"
03/30/2019,"7,556"
03/31/2019,"7,184"
04/01/2019,"1,147"
04/02/2019,"4,828"
04/03/2019,"7,773"
04/04/2019,"5,014"
04/05/2019,"2,537"
04/06/2019,"1,376"
04/07/2019,"2,942"
04/08/2019,"8,690"
04/09/2019,"8,131"
04/10/2019,"1,431"
04/11/2019,453
04/12/2019,"3,084"
04/13/2019,"2,161"
04/14/2019,"1,932"
04/15/2019,"9,061"
04/16/2019,"6,207"
04/17/2019,923
04/18/2019,"1,039"
04/19/2019,"9,543"
04/20/2019,"9,474"
04/21/2019,"7,533"
04/22/2019,"4,829"
04/23/2019,"10,438"
04/24/2019,"10,198"
04/25/2019,"2,965"
04/26/2019,"10,587"
04/27/2019,"3,132"
04/28/2019,"9,995"
04/29/2019,"1,302"
04/30/2019,"1,560"
05/01/2019,"2,091"
05/02/2019,"4,012"
05/03/2019,"4,442"
05/04/2019,"10,131"
05/05/2019,"7,476"
05/06/2019,"4,798"
05/07/2019,"9,411"
05/08/2019,"2,268"
05/09/2019,"1,853"
05/10/2019,"8,337"
05/11/2019,"6,759"
05/12/2019,"9,885"
05/13/2019,"10,138"
05/14/2019,"8,269"
05/15/2019,"9,810"
05/16/2019,"4,921"
05/17/2019,"8,422"
05/18/2019,"1,625"
05/19/2019,"1,457"
05/20/2019,"6,888"
05/21/2019,"5,649"
05/22/2019,"5,218"
05/23/2019,"5,856"
05/24/2019,"3,091"
05/25/2019,"9,318"
05/26/2019,"7,501"
05/27/2019,"2,747"
05/28/2019,"3,120"
05/29/2019,"8,516"
05/30/2019,"7,295"
05/31/2019,"8,948"
06/01/2019,"3,991"
06/02/2019,"10,126"
06/03/2019,"9,004"
06/04/2019,"8,052"
06/05/2019,"6,305"
06/06/2019,"9,860"
06/07/2019,"9,747"
06/08/2019,"9,960"
06/09/2019,"2,059"
06/10/2019,"9,820"
06/11/2019,"7,696"
06/12/2019,"1,710"
06/13/2019,"8,142"
06/14/2019,"1,368"
06/15/2019,"2,087"
06/16/2019,"2,881"
06/17/2019,"7,504"
06/18/2019,"3,188"
06/19/2019,"8,362"
06/20/2019,"8,277"
06/21/2019,"6,920"
06/22/2019,"8,218"
06/23/2019,"4,986"
06/24/2019,"1,877"
06/25/2019,"7,139"
06/26/2019,"7,287"
06/27/2019,"6,247"
06/28/2019,"5,391"
06/29/2019,"7,846"
06/30/2019,"3,714"
07/01/2019,"5,933"
07/02/2019,"4,112"
07/03/2019,"9,421"
07/04/2019,"7,898"
07/05/2019,"8,399"
07/06/2019,"5,582"
07/07/2019,"9,227"
07/08/2019,"7,934"
07/09/2019,"8,845"
07/10/2019,"8,796"
07/11/2019,"10,032"
07/12/2019,"9,468"
07/13/2019,"7,841"
07/14/2019,"9,433"
07/15/2019,"7,045"
07/16/2019,"9,146"
07/17/2019,"4,970"
07/18/2019,"3,662"
07/19/2019,"8,659"
07/20/2019,610
07/21/2019,"8,601"
07/22/2019,"9,988"
07/23/2019,"8,600"
07/24/2019,"8,997"
07/25/2019,"8,495"
07/26/2019,"3,030"
07/27/2019,"8,720"
07/28/2019,"7,471"
07/29/2019,"8,034"
07/30/2019,"6,083"
07/31/2019,"8,085"
08/01/2019,"9,579"
08/02/2019,"8,668"
08/03/2019,"6,588"
08/04/2019,"9,104"
08/05/2019,"6,063"
08/06/2019,"8,244"
08/07/2019,"7,152"
08/08/2019,"9,501"
08/09/2019,"9,333"
08/10/2019,"7,799"
08/11/2019,"3,745"
08/12/2019,"5,467"
08/13/2019,"4,742"
08/14/2019,"3,853"
08/15/2019,"6,741"
08/16/2019,"4,331"
08/17/2019,"7,629"
08/18/2019,"3,046"
08/19/2019,"9,429"
08/20/2019,"6,430"
08/21/2019,"7,644"
08/22/2019,"3,332"
08/23/2019,"8,775"
08/24/2019,"9,372"
08/25/2019,"7,301"
08/26/2019,"1,164"
08/27/2019,"8,428"
08/28/2019,"4,646"
08/29/2019,"6,958"
08/30/2019,"9,819"
08/31/2019,"4,576"
09/01/2019,"5,902"
09/02/2019,"5,896"
09/03/2019,"4,821"
09/04/2019,"2,896"
09/05/2019,"6,337"
09/06/2019,"2,838"
09/07/2019,"5,814"
09/08/2019,"2,839"
09/09/2019,"2,098"
09/10/2019,"4,692"
09/11/2019,"1,284"
09/12/2019,"1,398"
09/13/2019,"5,205"
09/14/2019,"8,452"
09/15/2019,"3,501"
09/16/2019,"6,180"
09/17/2019,"7,143"
09/18/2019,"7,009"
09/19/2019,"2,910"
09/20/2019,"6,705"
09/21/2019,"1,877"
09/22/2019,"1,315"
09/23/2019,"8,457"
09/24/2019,"7,356"
09/25/2019,"7,140"
09/26/2019,"8,575"
09/27/2019,799
09/28/2019,"8,122"
09/29/2019,"1,291"
09/30/2019,"5,819"
10/01/2019,820
10/02/2019,"2,271"
10/03/2019,"2,453"
10/04/2019,"4,257"
10/05/2019,581
10/06/2019,"6,516"
10/07/2019,"7,797"
10/08/2019,"7,416"
10/09/2019,"6,932"
10/10/2019,"3,624"
10/11/2019,412
10/12/2019,"4,372"
10/13/2019,"1,009"
10/14/2019,"6,144"
10/15/2019,696
10/16/2019,"3,848"
10/17/2019,"1,947"
10/18/2019,"5,808"
10/19/2019,"4,238"
10/20/2019,"5,456"
10/21/2019,689
10/22/2019,797
10/23/2019,"5,663"
10/24/2019,"3,398"
10/25/2019,"6,473"
10/26/2019,"2,555"
10/27/2019,"6,983"
10/28/2019,"1,680"
10/29/2019,"4,170"
10/30/2019,"2,003"
10/31/2019,"1,193"
11/01/2019,"2,115"
11/02/2019,"2,002"
11/03/2019,"2,896"
11/04/2019,"1,356"
11/05/2019,"5,611"
11/06/2019,370
11/07/2019,"4,767"
11/08/2019,"4,878"
11/09/2019,"5,334"
11/10/2019,370
11/11/2019,"2,408"
11/12/2019,"6,248"
11/13/2019,616
11/14/2019,"2,959"
11/15/2019,"5,566"
11/16/2019,"4,355"
11/17/2019,710
11/18/2019,316
11/19/2019,532
11/20/2019,"2,737"
11/21/2019,247
11/22/2019,"4,425"
11/23/2019,"5,093"
11/24/2019,"3,034"
11/25/2019,"1,836"
11/26/2019,"2,058"
11/27/2019,384
11/28/2019,524
11/29/2019,607
11/30/2019,335
12/01/2019,9
12/02/2019,"1,096"
12/03/2019,"1,819"
12/04/2019,829
12/05/2019,890
12/06/2019,"3,799"
12/07/2019,"3,061"
12/08/2019,"2,810"
12/09/2019,217
12/10/2019,"1,270"
12/11/2019,"2,226"
12/12/2019,190
12/13/2019,328
12/14/2019,228
12/15/2019,"3,235"
12/16/2019,"1,088"
12/17/2019,610
12/18/2019,"4,662"
12/19/2019,"4,381"
12/20/2019,"1,943"
12/21/2019,"4,494"
12/22/2019,"4,255"
12/23/2019,"3,765"
12/24/2019,936
12/25/2019,604
12/26/2019,873
12/27/2019,"1,694"
12/28/2019,395
12/29/2019,654
12/30/2019,331
12/31/2019,550
01/01/2020,"3,161"
01/02/2020,"2,804"
01/03/2020,415
01/04/2020,444
01/05/2020,499
01/06/2020,"4,622"
01/07/2020,"4,249"
01/08/2020,"4,783"
01/09/2020,211
01/10/2020,"1,834"
01/11/2020,757
01/12/2020,"2,795"
01/13/2020,234
01/14/2020,470
01/15/2020,731
01/16/2020,"5,520"
01/17/2020,"1,473"
01/18/2020,371
01/19/2020,"3,228"
01/20/2020,"4,545"
01/21/2020,"4,911"
01/22/2020,"1,676"
01/23/2020,747
01/24/2020,247
01/25/2020,89
01/26/2020,950
01/27/2020,575
01/28/2020,508
01/29/2020,827
01/30/2020,732
01/31/2020,"1,371"
02/01/2020,"1,301"
02/02/2020,"6,212"
02/03/2020,"5,039"
02/04/2020,"5,469"
02/05/2020,"4,019"
02/06/2020,"6,524"
02/07/2020,"3,257"
02/08/2020,"3,338"
02/09/2020,170
02/10/2020,"6,494"
02/11/2020,"1,696"
02/12/2020,"4,846"
02/13/2020,"7,836"
02/14/2020,"8,674"
02/15/2020,"2,675"
02/16/2020,"8,551"
02/17/2020,"3,463"
02/18/2020,"1,475"
02/19/2020,"5,328"
02/20/2020,"6,338"
02/21/2020,"6,744"
02/22/2020,"8,147"
02/23/2020,"8,799"
02/24/2020,"5,830"
02/25/2020,"4,708"
02/26/2020,"1,877"
02/27/2020,"3,129"
02/28/2020,"8,928"
02/29/2020,"9,447"
03/01/2020,"7,105"
03/02/2020,"8,931"
03/03/2020,"3,081"
03/04/2020,"9,697"
03/05/2020,"1,207"
03/06/2020,"9,815"
03/07/2020,"9,315"
03/08/2020,"8,671"
03/09/2020,648
03/10/2020,"9,408"
03/11/2020,"1,002"
03/12/2020,872
03/13/2020,"9,169"
03/14/2020,"1,478"
03/15/2020,"5,211"
03/16/2020,"1,041"
03/17/2020,"10,157"
03/18/2020,"1,395"
03/19/2020,764
03/20/2020,"5,353"
03/21/2020,"7,295"
03/22/2020,"3,998"
03/23/2020,"2,882"
03/24/2020,"4,265"
03/25/2020,"2,005"
03/26/2020,"2,252"
03/27/2020,"3,159"
03/28/2020,652
03/29/2020,"1,523"
03/30/2020,"5,786"
03/31/2020,"1,888"
04/01/2020,"4,002"
04/02/2020,"8,940"
04/03/2020,"3,042"
04/04/2020,"9,704"
04/05/2020,"9,042"
04/06/2020,"4,978"
04/07/2020,"3,671"
04/08/2020,"3,455"
04/09/2020,"5,468"
04/10/2020,"5,408"
04/11/2020,"7,093"
04/12/2020,751
04/13/2020,"6,430"
04/14/2020,"5,969"
04/15/2020,"4,663"
04/16/2020,"9,644"
04/17/2020,"5,486"
04/18/2020,"8,361"
04/19/2020,"8,701"
04/20/2020,"7,742"
04/21/2020,"10,928"
04/22/2020,"6,863"
04/23/2020,"1,522"
04/24/2020,"7,844"
04/25/2020,"5,902"
04/26/2020,"10,683"
04/27/2020,"1,589"
04/28/2020,"3,284"
04/29/2020,778
04/30/2020,"10,690"
05/01/2020,"7,384"
05/02/2020,"9,325"
05/03/2020,"10,784"
05/04/2020,"9,662"
05/05/2020,"6,175"
05/06/2020,"9,697"
05/07/2020,"10,808"
05/08/2020,"8,341"
05/09/2020,"9,422"
05/10/2020,"3,132"
05/11/2020,"9,518"
05/12/2020,"10,959"
05/13/2020,"8,387"
05/14/2020,"2,100"
05/15/2020,"10,488"
05/16/2020,"9,545"
05/17/2020,750
05/18/2020,"1,334"
05/19/2020,"4,808"
05/20/2020,"10,239"
05/21/2020,"10,108"
05/22/2020,"2,918"
05/23/2020,"7,398"
05/24/2020,"6,909"
05/25/2020,"8,400"
05/26/2020,"8,209"
05/27/2020,"8,235"
05/28/2020,"1,505"
05/29/2020,"5,958"
05/30/2020,"9,258"
05/31/2020,"10,420"
06/01/2020,"2,779"
06/02/2020,"9,041"
06/03/2020,"9,745"
06/04/2020,"9,795"
06/05/2020,"6,382"
06/06/2020,"9,898"
06/07/2020,"7,868"
06/08/2020,"9,475"
06/09/2020,"4,482"
06/10/2020,"6,334"
06/11/2020,"8,816"
06/12/2020,"6,804"
06/13/2020,"10,382"
06/14/2020,"10,643"
06/15/2020,"9,317"
06/16/2020,"9,832"
06/17/2020,"9,703"
06/18/2020,"9,550"
06/19/2020,"8,755"
06/20/2020,"2,521"
06/21/2020,"9,875"
06/22/2020,"2,736"
06/23/2020,"7,448"
06/24/2020,"7,766"
06/25/2020,"9,441"
06/26/2020,"3,873"
06/27/2020,"9,289"
06/28/2020,"9,358"
06/29/2020,"4,189"
06/30/2020,"9,092"
07/01/2020,"9,413"
07/02/2020,"8,397"
07/03/2020,"8,183"
07/04/2020,"8,399"
07/05/2020,"8,633"
07/06/2020,"7,050"
07/07/2020,"6,360"
07/08/2020,"9,086"
07/09/2020,"4,280"
07/10/2020,"8,139"
07/11/2020,"8,483"
07/12/2020,"7,365"
07/13/2020,"9,650"
07/14/2020,"4,462"
07/15/2020,"2,112"
07/16/2020,"9,365"
07/17/2020,"8,506"
07/18/2020,"5,374"
07/19/2020,"9,938"
07/20/2020,"8,593"
07/21/2020,"6,801"
07/22/2020,"7,771"
07/23/2020,"5,393"
07/24/2020,"9,459"
07/25/2020,"7,830"
07/26/2020,"3,908"
07/27/2020,"8,894"
07/28/2020,"7,762"
07/29/2020,"8,903"
07/30/2020,"8,756"
07/31/2020,"8,357"
08/01/2020,"7,601"
08/02/2020,"3,713"
08/03/2020,"3,344"
08/04/2020,"7,850"
08/05/2020,"8,922"
08/06/2020,"9,573"
08/07/2020,"9,426"
08/08/2020,"4,057"
08/09/2020,"6,237"
08/10/2020,"3,875"
08/11/2020,"9,891"
08/12/2020,"9,252"
08/13/2020,"7,871"
08/14/2020,"8,947"
08/15/2020,"5,095"
08/16/2020,"8,699"
08/17/2020,"7,795"
08/18/2020,"9,302"
08/19/2020,"9,274"
08/20/2020,"8,241"
08/21/2020,"6,949"
08/22/2020,"5,747"
08/23/2020,"8,371"
08/24/2020,"5,797"
08/25/2020,"4,552"
08/26/2020,"7,922"
08/27/2020,"2,512"
08/28/2020,"3,672"
08/29/2020,"9,910"
08/30/2020,"9,589"
08/31/2020,"2,359"
09/01/2020,"4,497"
09/02/2020,"9,620"
09/03/2020,"8,106"
09/04/2020,"8,597"
09/05/2020,"8,408"
09/06/2020,"4,418"
09/07/2020,"6,005"
09/08/2020,966
09/09/2020,946
09/10/2020,"2,795"
09/11/2020,"5,790"
09/12/2020,"1,236"
09/13/2020,"5,743"
09/14/2020,"4,365"
09/15/2020,"6,488"
09/16/2020,"5,069"
09/17/2020,"6,122"
09/18/2020,"9,673"
09/19/2020,"9,270"
09/20/2020,"6,352"
09/21/2020,"6,533"
09/22/2020,"6,152"
09/23/2020,"7,738"
09/24/2020,"2,896"
09/25/2020,"7,997"
09/26/2020,"3,042"
09/27/2020,900
09/28/2020,"1,699"
09/29/2020,"1,953"
09/30/2020,"3,512"
10/01/2020,"5,157"
10/02/2020,"2,577"
10/03/2020,778
10/04/2020,"6,236"
10/05/2020,"7,742"
10/06/2020,"6,477"
10/07/2020,"7,777"
10/08/2020,"7,627"
10/09/2020,"5,324"
10/10/2020,"7,304"
10/11/2020,"1,636"
10/12/2020,"1,385"
10/13/2020,"5,397"
10/14/2020,"1,136"
10/15/2020,"5,935"
10/16/2020,"5,087"
10/17/2020,"1,572"
10/18/2020,"3,179"
10/19/2020,"1,876"
10/20/2020,"1,501"
10/21/2020,"1,260"
10/22/2020,179
10/23/2020,871
10/24/2020,"2,200"
10/25/2020,"1,366"
10/26/2020,"3,707"
10/27/2020,"4,734"
10/28/2020,"3,443"
10/29/2020,"3,312"
10/30/2020,"3,491"
10/31/2020,"4,667"
11/01/2020,"3,874"
11/02/2020,"4,900"
11/03/2020,"5,791"
11/04/2020,"5,472"
11/05/2020,"4,743"
11/06/2020,"4,953"
11/07/2020,"5,209"
11/08/2020,"4,497"
11/09/2020,"3,947"
11/10/2020,195
11/11/2020,"4,919"
11/12/2020,"3,792"
11/13/2020,"1,642"
11/14/2020,"2,216"
11/15/2020,239
11/16/2020,"1,403"
11/17/2020,"4,005"
11/18/2020,"3,366"
11/19/2020,"2,360"
11/20/2020,"4,210"
11/21/2020,"3,981"
11/22/2020,"2,360"
11/23/2020,"5,028"
11/24/2020,155
11/25/2020,445
11/26/2020,"2,107"
11/27/2020,"2,579"
11/28/2020,"4,655"
11/29/2020,"4,036"
11/30/2020,534
12/01/2020,"4,828"
12/02/2020,"4,095"
12/03/2020,"3,729"
12/04/2020,"3,852"
12/05/2020,997
12/06/2020,"2,607"
12/07/2020,486
12/08/2020,570
12/09/2020,"4,222"
12/10/2020,"4,213"
12/11/2020,451
12/12/2020,557
12/13/2020,651
12/14/2020,"4,268"
12/15/2020,"1,113"
12/16/2020,"2,110"
12/17/2020,"1,035"
12/18/2020,"1,612"
12/19/2020,573
12/20/2020,"2,099"
12/21/2020,696
12/22/2020,"1,583"
12/23/2020,318
12/24/2020,"1,917"
12/25/2020,"3,491"
12/26/2020,599
12/27/2020,277
12/28/2020,"2,552"
12/29/2020,"1,527"
12/30/2020,38
12/31/2020,"1,650"
01/01/2021,647
01/02/2021,546
01/03/2021,551
01/04/2021,507
01/05/2021,923
01/06/2021,815
01/07/2021,897
01/08/2021,719
01/09/2021,"2,095"
01/10/2021,555
01/11/2021,"1,597"
01/12/2021,811
01/13/2021,"3,168"
01/14/2021,"1,579"
01/15/2021,"1,118"
01/16/2021,"1,228"
01/17/2021,"1,668"
01/18/2021,654
01/19/2021,"2,670"
01/20/2021,"1,854"
01/21/2021,"3,826"
01/22/2021,"5,056"
01/23/2021,"5,544"
01/24/2021,"1,107"
01/25/2021,"4,161"
01/26/2021,"1,996"
01/27/2021,"4,755"
01/28/2021,"5,901"
01/29/2021,"5,917"
01/30/2021,"1,182"
01/31/2021,"1,488"
02/01/2021,"5,800"
02/02/2021,"3,169"
02/03/2021,"6,306"
02/04/2021,276
02/05/2021,138
02/06/2021,216
02/07/2021,379
02/08/2021,230
02/09/2021,355
02/10/2021,324
02/11/2021,257
02/12/2021,455
02/13/2021,137
02/14/2021,488
02/15/2021,547
02/16/2021,"2,446"
02/17/2021,"4,713"
02/18/2021,"5,157"
02/19/2021,"3,158"
02/20/2021,"8,163"
02/21/2021,"2,787"
02/22/2021,"1,758"
02/23/2021,"7,833"
02/24/2021,"4,942"
02/25/2021,"9,056"
02/26/2021,"7,986"
02/27/2021,"8,803"
02/28/2021,888
03/01/2021,"9,638"
03/02/2021,"9,364"
03/03/2021,"8,933"
03/04/2021,"9,536"
03/05/2021,"8,887"
03/06/2021,"9,690"
03/07/2021,"7,481"
03/08/2021,"9,106"
03/09/2021,"7,416"
03/10/2021,832
03/11/2021,"6,586"
03/12/2021,"10,123"
03/13/2021,"9,759"
03/14/2021,"8,204"
03/15/2021,"2,874"
03/16/2021,"2,106"
03/17/2021,"1,496"
03/18/2021,"9,677"
03/19/2021,"10,264"
03/20/2021,"10,224"
03/21/2021,"8,225"
03/22/2021,"3,514"
03/23/2021,"2,471"
03/24/2021,"1,124"
03/25/2021,"1,313"
03/26/2021,"5,943"
03/27/2021,"1,293"
03/28/2021,"4,398"
03/29/2021,"8,999"
03/30/2021,"5,121"
03/31/2021,"4,976"
04/01/2021,"10,656"
04/02/2021,"10,179"
04/03/2021,"9,576"
04/04/2021,"8,136"
04/05/2021,"9,013"
04/06/2021,"6,529"
04/07/2021,"7,555"
04/08/2021,"2,182"
04/09/2021,"2,536"
04/10/2021,"1,736"
04/11/2021,"2,786"
04/12/2021,"4,525"
04/13/2021,"2,825"
04/14/2021,"4,576"
04/15/2021,"4,335"
04/16/2021,"10,357"
04/17/2021,"9,819"
04/18/2021,"8,155"
04/19/2021,"3,743"
04/20/2021,"5,664"
04/21/2021,"6,252"
04/22/2021,"10,676"
04/23/2021,"6,984"
04/24/2021,"4,564"
04/25/2021,"10,859"
04/26/2021,"4,327"
04/27/2021,"5,934"
04/28/2021,"5,336"
04/29/2021,"7,295"
04/30/2021,"9,705"
05/01/2021,"8,498"
05/02/2021,"7,833"
05/03/2021,"1,461"
05/04/2021,"5,575"
05/05/2021,"9,131"
05/06/2021,"7,480"
05/07/2021,"4,443"
05/08/2021,"9,890"
05/09/2021,"8,309"
05/10/2021,"7,175"
05/11/2021,"7,966"
05/12/2021,"10,650"
05/13/2021,"9,367"
05/14/2021,"7,765"
05/15/2021,"3,383"
05/16/2021,"8,701"
05/17/2021,"9,976"
05/18/2021,"8,112"
05/19/2021,"2,336"
05/20/2021,"5,712"
05/21/2021,"3,737"
05/22/2021,"8,040"
05/23/2021,"2,405"
05/24/2021,"5,980"
05/25/2021,"7,098"
05/26/2021,"9,158"
05/27/2021,"1,885"
05/28/2021,"6,230"
05/29/2021,"10,866"
05/30/2021,"7,974"
05/31/2021,"9,031"
06/01/2021,"10,011"
06/02/2021,"9,720"
06/03/2021,"7,348"
06/04/2021,"9,274"
06/05/2021,"9,477"
06/06/2021,"9,029"
06/07/2021,"8,520"
06/08/2021,"9,281"
06/09/2021,"7,696"
06/10/2021,"9,349"
06/11/2021,"8,584"
06/12/2021,"9,131"
06/13/2021,"9,841"
06/14/2021,"7,831"
06/15/2021,"9,129"
06/16/2021,"10,173"
06/17/2021,"7,918"
06/18/2021,"10,208"
06/19/2021,"7,956"
06/20/2021,"3,656"
06/21/2021,"7,115"
06/22/2021,"8,422"
06/23/2021,"5,113"
06/24/2021,"3,872"
06/25/2021,"6,208"
06/26/2021,"1,289"
06/27/2021,"3,125"
06/28/2021,"6,882"
06/29/2021,"3,247"
06/30/2021,"7,707"
07/01/2021,"9,890"
07/02/2021,"9,732"
07/03/2021,"8,954"
07/04/2021,"8,609"
07/05/2021,"8,725"
07/06/2021,"5,699"
07/07/2021,"1,687"
07/08/2021,"3,044"
07/09/2021,"7,621"
07/10/2021,"9,443"
07/11/2021,"9,611"
07/12/2021,"5,863"
07/13/2021,"6,787"
07/14/2021,"4,532"
07/15/2021,"7,060"
07/16/2021,"9,901"
07/17/2021,"9,837"
07/18/2021,"7,385"
07/19/2021,"8,097"
07/20/2021,"6,123"
07/21/2021,"7,560"
07/22/2021,"3,780"
07/23/2021,"7,535"
07/24/2021,"6,345"
07/25/2021,"9,636"
07/26/2021,"7,250"
07/27/2021,"7,068"
07/28/2021,"6,149"
07/29/2021,"7,800"
07/30/2021,"8,483"
07/31/2021,"5,845"
08/01/2021,"7,652"
08/02/2021,"8,313"
08/03/2021,"7,393"
08/04/2021,"8,178"
08/05/2021,"7,132"
08/06/2021,"5,868"
08/07/2021,"1,538"
08/08/2021,"4,547"
08/09/2021,"3,890"
08/10/2021,"7,473"
08/11/2021,"3,321"
08/12/2021,"6,701"
08/13/2021,"9,503"
08/14/2021,"9,741"
08/15/2021,"9,495"
08/16/2021,"9,536"
08/17/2021,"9,310"
08/18/2021,"8,723"
08/19/2021,"8,271"
08/20/2021,"8,851"
08/21/2021,"4,229"
08/22/2021,"9,058"
08/23/2021,"6,879"
08/24/2021,"2,525"
08/25/2021,"7,047"
08/26/2021,"7,201"
08/27/2021,"1,747"
08/28/2021,"6,443"
08/29/2021,"8,434"
08/30/2021,"9,053"
08/31/2021,"4,806"
09/01/2021,"9,719"
09/02/2021,"6,850"
09/03/2021,"1,422"
09/04/2021,"1,708"
09/05/2021,"8,096"
09/06/2021,"8,292"
09/07/2021,"4,400"
09/08/2021,"6,203"
09/09/2021,"7,903"
09/10/2021,"8,178"
09/11/2021,"6,304"
09/12/2021,"2,182"
09/13/2021,"5,930"
09/14/2021,"4,172"
09/15/2021,"8,394"
09/16/2021,"8,768"
09/17/2021,"6,670"
09/18/2021,"9,209"
09/19/2021,"8,267"
09/20/2021,"4,110"
09/21/2021,"5,483"
09/22/2021,"6,963"
09/23/2021,"7,171"
09/24/2021,"7,771"
09/25/2021,"8,683"
09/26/2021,"3,751"
09/27/2021,"8,381"
09/28/2021,"8,233"
09/29/2021,"7,781"
09/30/2021,"6,864"
10/01/2021,"6,854"
10/02/2021,"4,008"
10/03/2021,828
10/04/2021,"1,635"
10/05/2021,"3,149"
10/06/2021,"6,831"
10/07/2021,936
10/08/2021,"4,782"
10/09/2021,"2,408"
10/10/2021,"1,751"
10/11/2021,"1,073"
10/12/2021,634
10/13/2021,"1,117"
10/14/2021,"5,537"
10/15/2021,"2,962"
10/16/2021,"5,924"
10/17/2021,"7,004"
10/18/2021,"6,532"
10/19/2021,"5,976"
10/20/2021,"2,862"
10/21/2021,"1,445"
10/22/2021,"2,877"
10/23/2021,"5,858"
10/24/2021,"3,560"
10/25/2021,"2,104"
10/26/2021,"6,176"
10/27/2021,"4,854"
10/28/2021,760
10/29/2021,716
10/30/2021,"2,299"
10/31/2021,"3,622"
11/01/2021,"2,527"
11/02/2021,"5,537"
11/03/2021,"2,481"
11/04/2021,"4,958"
11/05/2021,"5,366"
11/06/2021,"5,414"
11/07/2021,"3,666"
11/08/2021,"4,992"
11/09/2021,"2,599"
11/10/2021,"2,992"
11/11/2021,351
11/12/2021,"1,742"
11/13/2021,"2,554"
11/14/2021,"1,001"
11/15/2021,"4,688"
11/16/2021,"3,188"
11/17/2021,"1,648"
11/18/2021,806
11/19/2021,"3,781"
11/20/2021,"1,949"
11/21/2021,"1,767"
11/22/2021,"4,310"
11/23/2021,"4,953"
11/24/2021,"1,428"
11/25/2021,717
11/26/2021,"3,610"
11/27/2021,"1,135"
11/28/2021,"4,818"
11/29/2021,363
11/30/2021,"4,267"
12/01/2021,"1,104"
12/02/2021,"2,943"
12/03/2021,281
12/04/2021,"2,560"
12/05/2021,178
12/06/2021,"2,879"
12/07/2021,"1,787"
12/08/2021,"4,464"
12/09/2021,360
12/10/2021,642
12/11/2021,"2,960"
12/12/2021,"4,555"
12/13/2021,"4,455"
12/14/2021,"2,063"
12/15/2021,266
12/16/2021,975
12/17/2021,"3,135"
12/18/2021,"1,028"
12/19/2021,"2,266"
12/20/2021,"3,233"
12/21/2021,418
12/22/2021,"3,701"
12/23/2021,"1,115"
12/24/2021,204
12/25/2021,"3,983"
12/26/2021,"3,524"
12/27/2021,552
12/28/2021,479
12/29/2021,"4,201"
12/30/2021,808
12/31/2021,"1,210"
01/01/2022,"1,279"
01/02/2022,"4,804"
01/03/2022,"3,941"
01/04/2022,"2,490"
01/05/2022,"1,157"
01/06/2022,"2,539"
01/07/2022,"4,498"
01/08/2022,"1,941"
01/09/2022,"5,266"
01/10/2022,"5,350"
01/11/2022,"5,188"
01/12/2022,"3,636"
01/13/2022,"1,274"
01/14/2022,"1,772"
01/15/2022,"5,452"
01/16/2022,"2,111"
01/17/2022,"1,857"
01/18/2022,"1,427"
01/19/2022,"5,462"
01/20/2022,"5,648"
01/21/2022,"5,660"
01/22/2022,"3,419"
01/23/2022,"4,444"
01/24/2022,"4,512"
01/25/2022,"6,199"
01/26/2022,"6,334"
01/27/2022,"1,311"
01/28/2022,"6,179"
01/29/2022,"1,512"
01/30/2022,"4,684"
01/31/2022,"5,124"
02/01/2022,"4,682"
02/02/2022,"1,975"
02/03/2022,"6,623"
02/04/2022,"1,719"
02/05/2022,829
02/06/2022,"2,604"
02/07/2022,"6,025"
02/08/2022,"6,119"
02/09/2022,"1,067"
02/10/2022,"2,363"
02/11/2022,896
02/12/2022,"7,533"
02/13/2022,"7,743"
02/14/2022,"4,874"
02/15/2022,"2,271"
02/16/2022,"1,102"
02/17/2022,"1,884"
02/18/2022,"3,231"
02/19/2022,"8,851"
02/20/2022,"8,162"
02/21/2022,889
02/22/2022,691
02/23/2022,"8,112"
02/24/2022,"2,178"
02/25/2022,"6,439"
02/26/2022,"9,318"
02/27/2022,"8,336"
02/28/2022,"6,772"
03/01/2022,"8,102"
03/02/2022,"1,429"
03/03/2022,"7,834"
03/04/2022,"7,257"
03/05/2022,574
03/06/2022,"1,517"
03/07/2022,"1,488"
03/08/2022,"10,165"
03/09/2022,"7,409"
03/10/2022,"8,761"
03/11/2022,"8,178"
03/12/2022,"10,505"
03/13/2022,"8,865"
03/14/2022,"3,014"
03/15/2022,"6,488"
03/16/2022,"7,622"
03/17/2022,"6,582"
03/18/2022,601
03/19/2022,"3,444"
03/20/2022,"9,562"
03/21/2022,"4,577"
03/22/2022,765
03/23/2022,740
03/24/2022,961
03/25/2022,"2,554"
03/26/2022,"3,490"
03/27/2022,"10,493"
03/28/2022,"10,354"
03/29/2022,"2,276"
03/30/2022,576
03/31/2022,"1,776"
04/01/2022,"9,512"
04/02/2022,"1,371"
04/03/2022,"5,954"
04/04/2022,"1,493"
04/05/2022,"2,078"
04/06/2022,"3,976"
04/07/2022,"2,484"
04/08/2022,"2,461"
04/09/2022,"8,469"
04/10/2022,"7,751"
04/11/2022,"9,455"
04/12/2022,"4,032"
04/13/2022,"2,428"
04/14/2022,"6,012"
04/15/2022,"7,876"
04/16/2022,"4,672"
04/17/2022,"8,667"
04/18/2022,"1,168"
04/19/2022,"8,372"
04/20/2022,"1,906"
04/21/2022,"10,404"
04/22/2022,"1,756"
04/23/2022,"6,884"
04/24/2022,"7,792"
04/25/2022,"2,635"
04/26/2022,"2,803"
04/27/2022,"10,139"
04/28/2022,"4,477"
04/29/2022,"7,048"
04/30/2022,801
05/01/2022,"1,433"
05/02/2022,"2,578"
05/03/2022,"2,159"
05/04/2022,"10,029"
05/05/2022,"7,221"
05/06/2022,"7,067"
05/07/2022,"10,229"
05/08/2022,"3,949"
05/09/2022,"9,215"
05/10/2022,"7,863"
05/11/2022,"5,702"
05/12/2022,"8,226"
05/13/2022,"9,381"
05/14/2022,"9,496"
05/15/2022,"8,961"
05/16/2022,"9,595"
05/17/2022,"9,330"
05/18/2022,"7,447"
05/19/2022,"6,917"
05/20/2022,"1,526"
05/21/2022,"7,234"
05/22/2022,"6,808"
05/23/2022,"6,001"
05/24/2022,"7,543"
05/25/2022,"1,326"
05/26/2022,"4,315"
05/27/2022,"6,601"
05/28/2022,"4,087"
05/29/2022,"5,106"
05/30/2022,"8,985"
05/31/2022,"7,263"
06/01/2022,"9,840"
06/02/2022,"9,808"
06/03/2022,"10,911"
06/04/2022,"8,316"
06/05/2022,"1,763"
06/06/2022,"2,674"
06/07/2022,"7,246"
06/08/2022,"2,342"
06/09/2022,"9,441"
06/10/2022,"9,279"
06/11/2022,"2,776"
06/12/2022,"10,131"
06/13/2022,"3,136"
06/14/2022,"8,496"
06/15/2022,"7,732"
06/16/2022,"9,895"
06/17/2022,"10,375"
06/18/2022,"10,304"
06/19/2022,"8,996"
06/20/2022,"9,588"
06/21/2022,"9,006"
06/22/2022,"10,281"
06/23/2022,"9,828"
06/24/2022,"9,093"
06/25/2022,"2,450"
06/26/2022,"9,940"
06/27/2022,"10,626"
06/28/2022,"6,610"
06/29/2022,"7,225"
06/30/2022,"3,336"
07/01/2022,"7,495"
07/02/2022,"7,764"
07/03/2022,"9,081"
07/04/2022,"3,201"
07/05/2022,"7,823"
07/06/2022,"6,228"
07/07/2022,"6,683"
07/08/2022,"5,300"
07/09/2022,"9,979"
07/10/2022,"8,493"
07/11/2022,"5,974"
07/12/2022,"8,774"
07/13/2022,"6,502"
07/14/2022,"8,662"
07/15/2022,"1,731"
07/16/2022,"7,870"
07/17/2022,"7,896"
07/18/2022,"8,824"
07/19/2022,"6,434"
07/20/2022,"6,306"
07/21/2022,"8,541"
07/22/2022,"9,198"
07/23/2022,"6,573"
07/24/2022,"7,581"
07/25/2022,"9,403"
07/26/2022,"9,397"
07/27/2022,"9,107"
07/28/2022,"8,822"
07/29/2022,"8,848"
07/30/2022,"8,089"
07/31/2022,"8,710"
08/01/2022,"7,032"
08/02/2022,"8,926"
08/03/2022,"3,177"
08/04/2022,"9,947"
08/05/2022,"8,735"
08/06/2022,"6,106"
08/07/2022,"1,247"
08/08/2022,"4,780"
08/09/2022,"8,940"
08/10/2022,"9,287"
08/11/2022,"9,201"
08/12/2022,"5,590"
08/13/2022,"1,046"
08/14/2022,"3,914"
08/15/2022,"8,062"
08/16/2022,"7,433"
08/17/2022,"7,295"
08/18/2022,"7,345"
08/19/2022,"5,348"
08/20/2022,"4,409"
08/21/2022,"3,642"
08/22/2022,"9,179"
08/23/2022,"8,894"
08/24/2022,"8,695"
08/25/2022,"3,702"
08/26/2022,"9,100"
08/27/2022,"3,093"
08/28/2022,"3,888"
08/29/2022,"7,633"
08/30/2022,"9,715"
08/31/2022,"9,443"
09/01/2022,"8,662"
09/02/2022,"3,487"
09/03/2022,"6,347"
09/04/2022,"7,619"
09/05/2022,"8,019"
09/06/2022,"4,639"
09/07/2022,"7,399"
09/08/2022,"7,208"
09/09/2022,"7,810"
09/10/2022,608
09/11/2022,541
09/12/2022,732
09/13/2022,"7,971"
09/14/2022,"6,811"
09/15/2022,"6,901"
09/16/2022,"7,168"
09/17/2022,"5,234"
09/18/2022,"2,789"
09/19/2022,"8,415"
09/20/2022,"4,350"
09/21/2022,"7,826"
09/22/2022,"7,425"
09/23/2022,"4,008"
09/24/2022,"1,132"
09/25/2022,"3,370"
09/26/2022,"4,127"
09/27/2022,"3,070"
09/28/2022,"8,888"
09/29/2022,"7,873"
09/30/2022,"8,103"
10/01/2022,"7,881"
10/02/2022,"3,098"
10/03/2022,"7,377"
10/04/2022,"6,904"
10/05/2022,"5,543"
10/06/2022,"2,820"
10/07/2022,"3,806"
10/08/2022,"7,749"
10/09/2022,"4,598"
10/10/2022,"7,157"
10/11/2022,"5,678"
10/12/2022,"2,291"
10/13/2022,966
10/14/2022,904
10/15/2022,"1,680"
10/16/2022,"1,286"
10/17/2022,"2,413"
10/18/2022,"4,576"
10/19/2022,"4,886"
10/20/2022,"5,311"
10/21/2022,"5,748"
10/22/2022,"5,929"
10/23/2022,"5,430"
10/24/2022,"2,209"
10/25/2022,731
10/26/2022,"4,924"
10/27/2022,"6,081"
10/28/2022,"5,849"
10/29/2022,"6,047"
10/30/2022,"3,354"
10/31/2022,"5,535"
11/01/2022,"5,795"
11/02/2022,"5,780"
11/03/2022,"4,776"
11/04/2022,397
11/05/2022,568
11/06/2022,"2,622"
11/07/2022,"5,929"
11/08/2022,"4,258"
11/09/2022,"2,995"
11/10/2022,"2,367"
11/11/2022,"1,985"
11/12/2022,"3,018"
11/13/2022,"2,725"
11/14/2022,"2,112"
11/15/2022,535
11/16/2022,"2,821"
11/17/2022,694
11/18/2022,"3,276"
11/19/2022,"2,956"
11/20/2022,"4,562"
11/21/2022,"5,385"
11/22/2022,"2,900"
11/23/2022,"4,865"
11/24/2022,"2,421"
11/25/2022,"4,902"
11/26/2022,"4,781"
11/27/2022,"1,052"
11/28/2022,"4,188"
11/29/2022,124
11/30/2022,"1,257"
12/01/2022,"2,760"
12/02/2022,"1,631"
12/03/2022,"4,829"
12/04/2022,"4,616"
12/05/2022,"1,704"
12/06/2022,"1,088"
12/07/2022,383
12/08/2022,"4,215"
12/09/2022,330
12/10/2022,396
12/11/2022,459
12/12/2022,451
12/13/2022,206
12/14/2022,119
12/15/2022,356
12/16/2022,"1,107"
12/17/2022,226
12/18/2022,725
12/19/2022,"1,872"
12/20/2022,"2,597"
12/21/2022,"1,775"
12/22/2022,207
12/23/2022,"1,596"
12/24/2022,"3,456"
12/25/2022,"2,814"
12/26/2022,"3,268"
12/27/2022,"1,250"
12/28/2022,"1,335"
12/29/2022,646
12/30/2022,437
12/31/2022,"1,478"
01/01/2023,"2,774"
01/02/2023,452
01/03/2023,235
01/04/2023,181
01/05/2023,450
01/06/2023,365
01/07/2023,623
01/08/2023,"1,062"
01/09/2023,"4,644"
01/10/2023,521
01/11/2023,933
01/12/2023,865
01/13/2023,550
01/14/2023,"1,601"
01/15/2023,"3,383"
01/16/2023,214
01/17/2023,251
01/18/2023,800
01/19/2023,553
01/20/2023,776
01/21/2023,564
01/22/2023,503
01/23/2023,"3,105"
01/24/2023,"3,733"
01/25/2023,"1,118"
01/26/2023,790
01/27/2023,398
01/28/2023,"1,526"
01/29/2023,"3,307"
01/30/2023,"5,285"
01/31/2023,"6,354"
02/01/2023,"6,458"
02/02/2023,"5,644"
02/03/2023,"6,618"
02/04/2023,"5,896"
02/05/2023,"5,192"
02/06/2023,"6,274"
02/07/2023,"2,319"
02/08/2023,"6,874"
02/09/2023,384
02/10/2023,"7,697"
02/11/2023,"7,525"
02/12/2023,"7,455"
02/13/2023,"7,461"
02/14/2023,"2,009"
02/15/2023,602
02/16/2023,663
02/17/2023,"8,170"
02/18/2023,"7,248"
02/19/2023,"7,539"
02/20/2023,"3,787"
02/21/2023,"6,787"
02/22/2023,228
02/23/2023,"1,283"
02/24/2023,"8,042"
02/25/2023,"5,586"
02/26/2023,"9,198"
02/27/2023,454
02/28/2023,"8,743"
03/01/2023,"1,600"
03/02/2023,"8,662"
03/03/2023,"2,585"
03/04/2023,"3,232"
03/05/2023,"8,260"
03/06/2023,327
03/07/2023,"8,891"
03/08/2023,"8,561"
03/09/2023,"1,524"
03/10/2023,"2,519"
03/11/2023,"2,411"
03/12/2023,"1,263"
03/13/2023,"3,826"
03/14/2023,"9,648"
03/15/2023,"7,425"
03/16/2023,878
03/17/2023,"6,770"
03/18/2023,"7,013"
03/19/2023,"10,623"
03/20/2023,"7,291"
03/21/2023,"6,320"
03/22/2023,"1,376"
03/23/2023,"8,185"
03/24/2023,"9,022"
03/25/2023,848
03/26/2023,"7,628"
03/27/2023,"10,034"
03/28/2023,"10,300"
03/29/2023,"10,600"
03/30/2023,"6,496"
03/31/2023,"1,054"
04/01/2023,"5,024"
04/02/2023,"3,181"
04/03/2023,"8,365"
04/04/2023,"1,147"
04/05/2023,"3,286"
04/06/2023,"10,323"
04/07/2023,"7,820"
04/08/2023,"5,822"
04/09/2023,"7,711"
04/10/2023,"8,226"
04/11/2023,"7,417"
04/12/2023,"8,701"
04/13/2023,"8,724"
04/14/2023,"8,079"
04/15/2023,"6,188"
04/16/2023,"1,691"
04/17/2023,"2,537"
04/18/2023,"10,934"
04/19/2023,"1,312"
04/20/2023,"4,637"
04/21/2023,"6,770"
04/22/2023,"5,793"
04/23/2023,"2,480"
04/24/2023,"5,400"
04/25/2023,"6,642"
04/26/2023,"7,941"
04/27/2023,"6,183"
04/28/2023,"7,884"
04/29/2023,"1,680"
04/30/2023,"2,537"
05/01/2023,"2,307"
05/02/2023,"3,617"
05/03/2023,"9,778"
05/04/2023,"7,992"
05/05/2023,"3,150"
05/06/2023,"1,742"
05/07/2023,"7,569"
05/08/2023,"1,420"
05/09/2023,"9,402"
05/10/2023,"9,640"
05/11/2023,"9,639"
05/12/2023,"1,763"
05/13/2023,"4,628"
05/14/2023,"2,431"
05/15/2023,"10,244"
05/16/2023,"7,412"
05/17/2023,"9,044"
05/18/2023,"7,060"
05/19/2023,"6,266"
05/20/2023,"10,274"
05/21/2023,"6,108"
05/22/2023,"8,908"
05/23/2023,"8,967"
05/24/2023,"7,674"
05/25/2023,"10,684"
05/26/2023,"10,161"
05/27/2023,"10,081"
05/28/2023,"9,979"
05/29/2023,"9,529"
05/30/2023,"8,959"
05/31/2023,"6,163"
06/01/2023,"9,080"
06/02/2023,"8,514"
06/03/2023,"8,749"
06/04/2023,"8,280"
06/05/2023,"7,202"
06/06/2023,"7,400"
06/07/2023,"9,909"
06/08/2023,"10,198"
06/09/2023,"9,845"
06/10/2023,"4,534"
06/11/2023,"2,895"
06/12/2023,"6,697"
06/13/2023,830
06/14/2023,"7,064"
06/15/2023,"3,905"
06/16/2023,"7,435"
06/17/2023,"9,087"
06/18/2023,"8,303"
06/19/2023,"8,935"
06/20/2023,"9,629"
06/21/2023,"9,332"
06/22/2023,"8,986"
06/23/2023,"8,984"
06/24/2023,"8,579"
06/25/2023,"6,060"
06/26/2023,"3,273"
06/27/2023,"8,429"
06/28/2023,"7,153"
06/29/2023,"8,954"
06/30/2023,"9,339"
07/01/2023,"7,501"
07/02/2023,"9,497"
07/03/2023,"9,483"
07/04/2023,"8,164"
07/05/2023,"4,709"
07/06/2023,"7,377"
07/07/2023,"8,651"
07/08/2023,"7,904"
07/09/2023,"8,562"
07/10/2023,"9,408"
07/11/2023,"9,631"
07/12/2023,"3,155"
07/13/2023,"6,207"
07/14/2023,"8,149"
07/15/2023,"7,498"
07/16/2023,"8,825"
07/17/2023,"7,090"
07/18/2023,"8,066"
07/19/2023,"6,774"
07/20/2023,"8,063"
07/21/2023,"7,921"
07/22/2023,"7,935"
07/23/2023,"8,422"
07/24/2023,"6,965"
07/25/2023,"7,649"
07/26/2023,"4,781"
07/27/2023,"8,223"
07/28/2023,"8,205"
07/29/2023,"9,303"
07/30/2023,"8,370"
07/31/2023,"8,350"
08/01/2023,"7,141"
08/02/2023,"8,529"
08/03/2023,"8,430"
08/04/2023,"9,126"
08/05/2023,"7,126"
08/06/2023,"8,182"
08/07/2023,"8,881"
08/08/2023,"6,939"
08/09/2023,"7,328"
08/10/2023,"9,263"
08/11/2023,"6,099"
08/12/2023,"6,501"
08/13/2023,"3,746"
08/14/2023,918
08/15/2023,"9,744"
08/16/2023,"9,277"
08/17/2023,"7,310"
08/18/2023,"8,622"
08/19/2023,"8,814"
08/20/2023,"8,087"
08/21/2023,"5,837"
08/22/2023,"7,028"
08/23/2023,"8,407"
08/24/2023,"2,599"
08/25/2023,"6,131"
08/26/2023,"3,771"
08/27/2023,"7,293"
08/28/2023,"7,765"
08/29/2023,"6,363"
08/30/2023,"10,084"
08/31/2023,"9,635"
09/01/2023,"9,163"
09/02/2023,"3,208"
09/03/2023,"7,958"
09/04/2023,"8,903"
09/05/2023,"5,327"
09/06/2023,"2,558"
09/07/2023,"2,727"
09/08/2023,"6,631"
09/09/2023,"8,768"
09/10/2023,"2,268"
09/11/2023,"2,179"
09/12/2023,"8,096"
09/13/2023,"5,593"
09/14/2023,"8,918"
09/15/2023,"6,300"
09/16/2023,"5,198"
09/17/2023,"7,186"
09/18/2023,"5,236"
09/19/2023,"3,167"
09/20/2023,"6,805"
09/21/2023,"5,553"
09/22/2023,"6,080"
09/23/2023,"2,276"
09/24/2023,"4,051"
09/25/2023,"1,362"
09/26/2023,456
09/27/2023,193
09/28/2023,550
09/29/2023,"1,858"
09/30/2023,"1,856"
10/01/2023,"2,982"
10/02/2023,"3,234"
10/03/2023,"2,752"
10/04/2023,"1,625"
10/05/2023,"2,251"
10/06/2023,"1,584"
10/07/2023,"1,920"
10/08/2023,"2,217"
10/09/2023,"2,842"
10/10/2023,595
10/11/2023,"1,385"
10/12/2023,"1,051"
10/13/2023,44
10/14/2023,466
10/15/2023,933
10/16/2023,"1,767"
10/17/2023,"2,075"
10/18/2023,"2,084"
10/19/2023,"1,180"
10/20/2023,"1,324"
10/21/2023,106
10/22/2023,"1,503"
10/23/2023,424
10/24/2023,280
10/25/2023,160
10/26/2023,71
10/27/2023,218
10/28/2023,476
10/29/2023,336
10/30/2023,"1,558"
10/31/2023,450
11/01/2023,"1,564"
11/02/2023,"1,228"
11/03/2023,228
11/04/2023,"1,310"
11/05/2023,533
11/06/2023,"1,333"
11/07/2023,"2,366"
11/08/2023,"1,060"
11/09/2023,"2,482"
11/10/2023,"1,500"
11/11/2023,"1,740"
11/12/2023,"1,935"
11/13/2023,"2,447"
11/14/2023,"2,354"
11/15/2023,"2,370"
11/16/2023,"2,268"
11/17/2023,"2,433"
11/18/2023,"2,425"
11/19/2023,"2,401"
11/20/2023,920
11/21/2023,553
11/22/2023,"1,357"
11/23/2023,"1,403"
11/24/2023,"2,854"
11/25/2023,"1,392"
11/26/2023,188
11/27/2023,971
11/28/2023,"1,138"
11/29/2023,"1,482"
11/30/2023,"1,410"
12/01/2023,580
12/02/2023,"1,082"
12/03/2023,659
12/04/2023,977
12/05/2023,784
12/06/2023,813
12/07/2023,"1,239"
12/08/2023,"1,032"
12/09/2023,420
12/10/2023,127
12/11/2023,165
12/12/2023,"1,717"
12/13/2023,"1,635"
12/14/2023,"2,246"
12/15/2023,"1,636"
12/16/2023,581
12/17/2023,123
12/18/2023,576
12/19/2023,929
12/20/2023,"1,092"
12/21/2023,696
12/22/2023,121
12/23/2023,196
12/24/2023,510
12/25/2023,911
12/26/2023,997
12/27/2023,"1,875"
12/28/2023,537
12/29/2023,"1,492"
12/30/2023,963
12/31/2023,83
01/01/2024,390
01/02/2024,341